run,model_id,algo,family,auc_xval,time_s
1,XRT_1_AutoML_1_20251113_144208,drf,XRT,0.8746280849999999,5.804
1,DRF_1_AutoML_1_20251113_144208,drf,DRF,0.8725535975,3.979
1,DeepLearning_1_AutoML_1_20251113_144208,deeplearning,DeepLearning,0.84711737375,3.555
1,XGBoost_grid_1_AutoML_1_20251113_144208_model_1,xgboost,XGBoost,0.8269864250000001,9.535
1,GBM_1_AutoML_1_20251113_144208,gbm,GBM,0.81521043,9.325
1,GBM_4_AutoML_1_20251113_144208,gbm,GBM,0.81405184125,3.801
1,XGBoost_1_AutoML_1_20251113_144208,xgboost,XGBoost,0.81093255125,11.85
1,XGBoost_grid_1_AutoML_1_20251113_144208_model_2,xgboost,XGBoost,0.81046411,25.179
1,XGBoost_grid_1_AutoML_1_20251113_144208_model_3,xgboost,XGBoost,0.80961268375,18.972
1,GBM_3_AutoML_1_20251113_144208,gbm,GBM,0.79890682625,4.632
1,DeepLearning_grid_2_AutoML_1_20251113_144208_model_1,deeplearning,DeepLearning,0.79419834125,347.647
1,XGBoost_2_AutoML_1_20251113_144208,xgboost,XGBoost,0.793805735,6.856
1,GBM_2_AutoML_1_20251113_144208,gbm,GBM,0.7820803425,4.585
1,GBM_5_AutoML_1_20251113_144208,gbm,GBM,0.7515702412499999,3.935
1,XGBoost_3_AutoML_1_20251113_144208,xgboost,XGBoost,0.7407184662499999,6.456
1,GBM_grid_1_AutoML_1_20251113_144208_model_2,gbm,GBM,0.7159155700000001,3.352
1,GBM_grid_1_AutoML_1_20251113_144208_model_1,gbm,GBM,0.62087479375,1.704
1,DeepLearning_grid_1_AutoML_1_20251113_144208_model_1,deeplearning,DeepLearning,0.6187469600000001,89.28
1,DeepLearning_grid_3_AutoML_1_20251113_144208_model_1,deeplearning,DeepLearning,0.49620221124999997,133.621
1,GLM_1_AutoML_1_20251113_144208,glm,GLM,0.49024109125000004,0.194
2,DeepLearning_1_AutoML_2_20251113_160343,deeplearning,DeepLearning,0.9494411562499999,2.353
2,DRF_1_AutoML_2_20251113_160343,drf,DRF,0.8800786275,3.664
2,XRT_1_AutoML_2_20251113_160343,drf,XRT,0.8781897912500001,6.632
2,XGBoost_grid_1_AutoML_2_20251113_160343_model_1,xgboost,XGBoost,0.83388895875,10.978
2,XGBoost_grid_1_AutoML_2_20251113_160343_model_2,xgboost,XGBoost,0.823591965,27.163
2,GBM_1_AutoML_2_20251113_160343,gbm,GBM,0.8235446325000001,9.048
2,GBM_4_AutoML_2_20251113_160343,gbm,GBM,0.820899695,4.328
2,XGBoost_grid_1_AutoML_2_20251113_160343_model_3,xgboost,XGBoost,0.8204813324999999,19.028
2,XGBoost_1_AutoML_2_20251113_160343,xgboost,XGBoost,0.81561287875,10.437
2,GBM_3_AutoML_2_20251113_160343,gbm,GBM,0.8092473337499999,5.259
2,XGBoost_2_AutoML_2_20251113_160343,xgboost,XGBoost,0.80635880875,8.637
2,GBM_2_AutoML_2_20251113_160343,gbm,GBM,0.7871261900000001,4.86
2,GBM_5_AutoML_2_20251113_160343,gbm,GBM,0.76912882625,4.281
2,DeepLearning_grid_2_AutoML_2_20251113_160343_model_1,deeplearning,DeepLearning,0.75197396375,240.616
2,XGBoost_3_AutoML_2_20251113_160343,xgboost,XGBoost,0.75000082,6.031
2,GBM_grid_1_AutoML_2_20251113_160343_model_2,gbm,GBM,0.72255121,3.109
2,GBM_grid_1_AutoML_2_20251113_160343_model_1,gbm,GBM,0.6353301375,1.809
2,DeepLearning_grid_1_AutoML_2_20251113_160343_model_1,deeplearning,DeepLearning,0.61494661125,103.891
2,DeepLearning_grid_3_AutoML_2_20251113_160343_model_1,deeplearning,DeepLearning,0.50452,159.055
2,GLM_1_AutoML_2_20251113_160343,glm,GLM,0.48885305625000003,0.123
3,DeepLearning_1_AutoML_3_20251113_171217,deeplearning,DeepLearning,0.9590251412499999,2.147
3,XRT_1_AutoML_3_20251113_171217,drf,XRT,0.8799966812500001,6.755
3,DRF_1_AutoML_3_20251113_171217,drf,DRF,0.8792709049999999,3.501
3,XGBoost_grid_1_AutoML_3_20251113_171217_model_1,xgboost,XGBoost,0.8360879849999999,10.815
3,GBM_1_AutoML_3_20251113_171217,gbm,GBM,0.82509174375,8.201
3,XGBoost_1_AutoML_3_20251113_171217,xgboost,XGBoost,0.82136836375,9.979
3,XGBoost_grid_1_AutoML_3_20251113_171217_model_2,xgboost,XGBoost,0.8212855075,23.695
3,XGBoost_grid_1_AutoML_3_20251113_171217_model_3,xgboost,XGBoost,0.8197920875,16.306
3,GBM_4_AutoML_3_20251113_171217,gbm,GBM,0.819606265,5.081
3,GBM_3_AutoML_3_20251113_171217,gbm,GBM,0.8086285974999999,4.774
3,XGBoost_2_AutoML_3_20251113_171217,xgboost,XGBoost,0.80634414125,8.159
3,GBM_2_AutoML_3_20251113_171217,gbm,GBM,0.7819058799999999,3.886
3,GBM_5_AutoML_3_20251113_171217,gbm,GBM,0.7695282124999999,3.665
3,DeepLearning_grid_2_AutoML_3_20251113_171217_model_1,deeplearning,DeepLearning,0.7690731799999999,253.407
3,XGBoost_3_AutoML_3_20251113_171217,xgboost,XGBoost,0.7590981450000001,6.898
3,GBM_grid_1_AutoML_3_20251113_171217_model_2,gbm,GBM,0.72608271625,2.58
3,GBM_grid_1_AutoML_3_20251113_171217_model_1,gbm,GBM,0.65167063125,1.663
3,DeepLearning_grid_1_AutoML_3_20251113_171217_model_1,deeplearning,DeepLearning,0.6186822887500001,105.369
3,DeepLearning_grid_3_AutoML_3_20251113_171217_model_1,deeplearning,DeepLearning,0.49866000000000005,135.338
3,GLM_1_AutoML_3_20251113_171217,glm,GLM,0.4915073125,0.079
