env,model_type,folder,exp,model_id,algo,family,auc_sem,auc_noise,time_s
hopper,model,model_1,0,GBM_grid_1_AutoML_1_20251113_194959_model_1,gbm,GBM,0.6208380555555556,1.0,0.713
hopper,model,model_1,0,DRF_1_AutoML_1_20251113_194959,drf,DRF,0.5619811666666666,0.9999999999999999,0.921
hopper,model,model_1,0,XRT_1_AutoML_1_20251113_194959,drf,XRT,0.5647870555555556,1.0,0.899
hopper,model,model_1,0,XGBoost_2_AutoML_1_20251113_194959,xgboost,XGBoost,0.5123357222222222,0.999999,0.409
hopper,model,model_1,0,XGBoost_3_AutoML_1_20251113_194959,xgboost,XGBoost,0.518250388888889,0.9999983333333333,0.303
hopper,model,model_1,0,XGBoost_grid_1_AutoML_1_20251113_194959_model_3,xgboost,XGBoost,0.49122605555555554,0.9999955555555555,0.445
hopper,model,model_1,0,XGBoost_grid_1_AutoML_1_20251113_194959_model_1,xgboost,XGBoost,0.5012502222222222,0.9999972222222223,0.346
hopper,model,model_1,0,XGBoost_1_AutoML_1_20251113_194959,xgboost,XGBoost,0.5188812222222222,0.9999993333333334,0.43
hopper,model,model_1,0,GBM_2_AutoML_1_20251113_194959,gbm,GBM,0.5158788333333334,0.9999978888888889,0.565
hopper,model,model_1,0,GBM_1_AutoML_1_20251113_194959,gbm,GBM,0.48932827777777776,0.9999983333333334,1.038
hopper,model,model_1,0,GBM_4_AutoML_1_20251113_194959,gbm,GBM,0.5242839444444444,0.999999777777778,0.658
hopper,model,model_1,0,GBM_5_AutoML_1_20251113_194959,gbm,GBM,0.5130995555555555,0.9999964444444445,0.492
hopper,model,model_1,0,GBM_3_AutoML_1_20251113_194959,gbm,GBM,0.5187315555555556,0.9999997777777776,0.606
hopper,model,model_1,0,XGBoost_grid_1_AutoML_1_20251113_194959_model_2,xgboost,XGBoost,0.5049162222222221,0.9999966666666666,0.428
hopper,model,model_1,0,DeepLearning_1_AutoML_1_20251113_194959,deeplearning,DeepLearning,0.5429336666666666,0.9999656666666666,1.934
hopper,model,model_1,0,DeepLearning_grid_1_AutoML_1_20251113_194959_model_1,deeplearning,DeepLearning,0.526964,0.9999932222222222,27.367
hopper,model,model_1,0,GBM_grid_1_AutoML_1_20251113_194959_model_2,gbm,GBM,0.49367161111111113,0.9999627777777778,0.384
hopper,model,model_1,0,GLM_1_AutoML_1_20251113_194959,glm,GLM,0.5454334444444444,0.5032927777777778,0.072
hopper,model,model_2,0,GBM_grid_1_AutoML_2_20251113_200050_model_1,gbm,GBM,0.6257892777777778,1.0,0.763
hopper,model,model_2,0,DeepLearning_grid_2_AutoML_2_20251113_200050_model_1,deeplearning,DeepLearning,0.5295302222222222,0.9999976666666667,40.303
hopper,model,model_2,0,DeepLearning_grid_3_AutoML_2_20251113_200050_model_1,deeplearning,DeepLearning,0.4642991111111111,0.9999573333333334,40.597
hopper,model,model_2,0,XGBoost_2_AutoML_2_20251113_200050,xgboost,XGBoost,0.4993977222222223,0.9999997777777778,0.33
hopper,model,model_2,0,XRT_1_AutoML_2_20251113_200050,drf,XRT,0.6042518888888888,1.0,0.694
hopper,model,model_2,0,XGBoost_3_AutoML_2_20251113_200050,xgboost,XGBoost,0.4978545,0.9999987777777779,0.293
hopper,model,model_2,0,DeepLearning_1_AutoML_2_20251113_200050,deeplearning,DeepLearning,0.4987015555555555,0.9999992222222223,1.763
hopper,model,model_2,0,XGBoost_grid_1_AutoML_2_20251113_200050_model_1,xgboost,XGBoost,0.5022435555555554,0.9999992222222223,0.332
hopper,model,model_2,0,DRF_1_AutoML_2_20251113_200050,drf,DRF,0.5580890000000001,1.0,0.735
hopper,model,model_2,0,XGBoost_grid_1_AutoML_2_20251113_200050_model_3,xgboost,XGBoost,0.5233585555555555,0.9999987777777778,0.461
hopper,model,model_2,0,GBM_1_AutoML_2_20251113_200050,gbm,GBM,0.5187620555555555,0.9999870000000001,0.799
hopper,model,model_2,0,XGBoost_1_AutoML_2_20251113_200050,xgboost,XGBoost,0.5051781111111111,0.999997888888889,0.332
hopper,model,model_2,0,XGBoost_grid_1_AutoML_2_20251113_200050_model_2,xgboost,XGBoost,0.496165,0.999997888888889,0.388
hopper,model,model_2,0,GBM_3_AutoML_2_20251113_200050,gbm,GBM,0.5154177777777779,1.0,0.574
hopper,model,model_2,0,GBM_4_AutoML_2_20251113_200050,gbm,GBM,0.5204602222222222,0.9999999999999998,0.564
hopper,model,model_2,0,GBM_2_AutoML_2_20251113_200050,gbm,GBM,0.4939240555555555,0.9999992222222223,0.492
hopper,model,model_2,0,GBM_5_AutoML_2_20251113_200050,gbm,GBM,0.5164082222222223,0.9999988888888889,0.427
hopper,model,model_2,0,GBM_grid_1_AutoML_2_20251113_200050_model_2,gbm,GBM,0.48711194444444444,0.9999688888888889,0.345
hopper,model,model_2,0,DeepLearning_grid_1_AutoML_2_20251113_200050_model_1,deeplearning,DeepLearning,0.5691842222222222,0.9999939999999999,30.131
hopper,model,model_2,0,GLM_1_AutoML_2_20251113_200050,glm,GLM,0.4877022222222222,0.4992095555555555,0.042
hopper,model,model_3,0,XRT_1_AutoML_3_20251113_201923,drf,XRT,0.557576611111111,0.9999997777777778,0.868
hopper,model,model_3,0,GBM_grid_1_AutoML_3_20251113_201923_model_1,gbm,GBM,0.6340291666666668,1.0,0.802
hopper,model,model_3,0,DeepLearning_grid_2_AutoML_3_20251113_201923_model_1,deeplearning,DeepLearning,0.4972267777777778,0.9999992222222222,37.587
hopper,model,model_3,0,XGBoost_3_AutoML_3_20251113_201923,xgboost,XGBoost,0.5077736666666666,0.9999958888888889,0.278
hopper,model,model_3,0,XGBoost_grid_1_AutoML_3_20251113_201923_model_1,xgboost,XGBoost,0.49385894444444445,0.9999984444444445,0.338
hopper,model,model_3,0,DRF_1_AutoML_3_20251113_201923,drf,DRF,0.5255381666666666,0.9999998333333333,0.59
hopper,model,model_3,0,XGBoost_1_AutoML_3_20251113_201923,xgboost,XGBoost,0.4893362777777778,0.9999971111111112,0.326
hopper,model,model_3,0,XGBoost_2_AutoML_3_20251113_201923,xgboost,XGBoost,0.4820768333333333,0.9999966666666666,0.335
hopper,model,model_3,0,DeepLearning_grid_3_AutoML_3_20251113_201923_model_1,deeplearning,DeepLearning,0.4562044444444444,0.9999493333333334,42.16
hopper,model,model_3,0,GBM_4_AutoML_3_20251113_201923,gbm,GBM,0.5247830555555555,0.9999990000000001,0.612
hopper,model,model_3,0,GBM_1_AutoML_3_20251113_201923,gbm,GBM,0.48920627777777786,0.9999972222222223,0.817
hopper,model,model_3,0,XGBoost_grid_1_AutoML_3_20251113_201923_model_3,xgboost,XGBoost,0.4940669444444445,0.9999974444444445,0.429
hopper,model,model_3,0,GBM_5_AutoML_3_20251113_201923,gbm,GBM,0.5037341111111112,0.9999967777777777,0.437
hopper,model,model_3,0,GBM_3_AutoML_3_20251113_201923,gbm,GBM,0.4969302777777777,0.9999982222222221,0.559
hopper,model,model_3,0,XGBoost_grid_1_AutoML_3_20251113_201923_model_2,xgboost,XGBoost,0.5006514444444444,0.9999939444444444,0.406
hopper,model,model_3,0,GBM_2_AutoML_3_20251113_201923,gbm,GBM,0.4974628333333333,0.9999933333333333,0.52
hopper,model,model_3,0,DeepLearning_1_AutoML_3_20251113_201923,deeplearning,DeepLearning,0.5078703333333334,0.9996762222222223,1.75
hopper,model,model_3,0,GBM_grid_1_AutoML_3_20251113_201923_model_2,gbm,GBM,0.49378566666666673,0.9999696666666665,0.343
hopper,model,model_3,0,DeepLearning_grid_1_AutoML_3_20251113_201923_model_1,deeplearning,DeepLearning,0.5104811111111112,0.9999906666666667,31.963
hopper,model,model_3,0,GLM_1_AutoML_3_20251113_201923,glm,GLM,0.5110767777777778,0.5106525555555556,0.051
hopper,model,model_1,1,GBM_grid_1_AutoML_1_20251113_194959_model_1,gbm,GBM,0.6121896666666667,0.9999998888888889,0.713
hopper,model,model_1,1,DRF_1_AutoML_1_20251113_194959,drf,DRF,0.5555879444444443,1.0,0.921
hopper,model,model_1,1,XRT_1_AutoML_1_20251113_194959,drf,XRT,0.5547243888888889,1.0,0.899
hopper,model,model_1,1,XGBoost_2_AutoML_1_20251113_194959,xgboost,XGBoost,0.4915701666666667,0.9999999999999999,0.409
hopper,model,model_1,1,XGBoost_3_AutoML_1_20251113_194959,xgboost,XGBoost,0.5027656111111112,1.0,0.303
hopper,model,model_1,1,XGBoost_grid_1_AutoML_1_20251113_194959_model_3,xgboost,XGBoost,0.47879305555555546,1.0,0.445
hopper,model,model_1,1,XGBoost_grid_1_AutoML_1_20251113_194959_model_1,xgboost,XGBoost,0.4867418333333334,0.9999997777777778,0.346
hopper,model,model_1,1,XGBoost_1_AutoML_1_20251113_194959,xgboost,XGBoost,0.5096687222222221,0.9999995555555555,0.43
hopper,model,model_1,1,GBM_2_AutoML_1_20251113_194959,gbm,GBM,0.5125327222222221,0.9999976666666667,0.565
hopper,model,model_1,1,GBM_1_AutoML_1_20251113_194959,gbm,GBM,0.4833015,0.9999983333333333,1.038
hopper,model,model_1,1,GBM_4_AutoML_1_20251113_194959,gbm,GBM,0.5218868333333333,1.0,0.658
hopper,model,model_1,1,GBM_5_AutoML_1_20251113_194959,gbm,GBM,0.5114321111111111,0.9999962222222222,0.492
hopper,model,model_1,1,GBM_3_AutoML_1_20251113_194959,gbm,GBM,0.522663,0.9999972222222222,0.606
hopper,model,model_1,1,XGBoost_grid_1_AutoML_1_20251113_194959_model_2,xgboost,XGBoost,0.49894138888888895,0.9999990000000001,0.428
hopper,model,model_1,1,DeepLearning_1_AutoML_1_20251113_194959,deeplearning,DeepLearning,0.5388686666666667,0.9999993333333334,1.934
hopper,model,model_1,1,DeepLearning_grid_1_AutoML_1_20251113_194959_model_1,deeplearning,DeepLearning,0.5316492222222222,1.0,27.367
hopper,model,model_1,1,GBM_grid_1_AutoML_1_20251113_194959_model_2,gbm,GBM,0.49074377777777783,0.9999464444444444,0.384
hopper,model,model_1,1,GLM_1_AutoML_1_20251113_194959,glm,GLM,0.5193572222222222,0.5019204444444445,0.072
hopper,model,model_2,1,GBM_grid_1_AutoML_2_20251113_200050_model_1,gbm,GBM,0.6209065,1.0,0.763
hopper,model,model_2,1,DeepLearning_grid_2_AutoML_2_20251113_200050_model_1,deeplearning,DeepLearning,0.5339232222222222,1.0,40.303
hopper,model,model_2,1,DeepLearning_grid_3_AutoML_2_20251113_200050_model_1,deeplearning,DeepLearning,0.47835833333333333,1.0,40.597
hopper,model,model_2,1,XGBoost_2_AutoML_2_20251113_200050,xgboost,XGBoost,0.4792411666666666,0.999997888888889,0.33
hopper,model,model_2,1,XRT_1_AutoML_2_20251113_200050,drf,XRT,0.5814717222222223,0.9999993333333331,0.694
hopper,model,model_2,1,XGBoost_3_AutoML_2_20251113_200050,xgboost,XGBoost,0.48977233333333337,0.9999966666666666,0.293
hopper,model,model_2,1,DeepLearning_1_AutoML_2_20251113_200050,deeplearning,DeepLearning,0.4984626666666667,1.0,1.763
hopper,model,model_2,1,XGBoost_grid_1_AutoML_2_20251113_200050_model_1,xgboost,XGBoost,0.49125377777777784,0.9999978888888889,0.332
hopper,model,model_2,1,DRF_1_AutoML_2_20251113_200050,drf,DRF,0.541613,0.9999990000000001,0.735
hopper,model,model_2,1,XGBoost_grid_1_AutoML_2_20251113_200050_model_3,xgboost,XGBoost,0.5095404444444445,0.9999961111111111,0.461
hopper,model,model_2,1,GBM_1_AutoML_2_20251113_200050,gbm,GBM,0.5012632222222222,0.999983,0.799
hopper,model,model_2,1,XGBoost_1_AutoML_2_20251113_200050,xgboost,XGBoost,0.49273933333333336,0.9999931111111111,0.332
hopper,model,model_2,1,XGBoost_grid_1_AutoML_2_20251113_200050_model_2,xgboost,XGBoost,0.4888020555555555,0.9999516111111111,0.388
hopper,model,model_2,1,GBM_3_AutoML_2_20251113_200050,gbm,GBM,0.5124386666666667,0.9999743333333334,0.574
hopper,model,model_2,1,GBM_4_AutoML_2_20251113_200050,gbm,GBM,0.5237052222222222,0.9999896666666668,0.564
hopper,model,model_2,1,GBM_2_AutoML_2_20251113_200050,gbm,GBM,0.4903111111111112,0.999798388888889,0.492
hopper,model,model_2,1,GBM_5_AutoML_2_20251113_200050,gbm,GBM,0.5103071666666668,0.9999724444444446,0.427
hopper,model,model_2,1,GBM_grid_1_AutoML_2_20251113_200050_model_2,gbm,GBM,0.4797912777777777,0.9997539444444444,0.345
hopper,model,model_2,1,DeepLearning_grid_1_AutoML_2_20251113_200050_model_1,deeplearning,DeepLearning,0.572120111111111,1.0,30.131
hopper,model,model_2,1,GLM_1_AutoML_2_20251113_200050,glm,GLM,0.49346877777777776,0.4951697777777778,0.042
hopper,model,model_3,1,XRT_1_AutoML_3_20251113_201923,drf,XRT,0.5494701111111111,0.9999991111111111,0.868
hopper,model,model_3,1,GBM_grid_1_AutoML_3_20251113_201923_model_1,gbm,GBM,0.6311285555555557,1.0,0.802
hopper,model,model_3,1,DeepLearning_grid_2_AutoML_3_20251113_201923_model_1,deeplearning,DeepLearning,0.5030476666666667,1.0,37.587
hopper,model,model_3,1,XGBoost_3_AutoML_3_20251113_201923,xgboost,XGBoost,0.4912725555555555,0.9999862222222223,0.278
hopper,model,model_3,1,XGBoost_grid_1_AutoML_3_20251113_201923_model_1,xgboost,XGBoost,0.4826462777777778,0.9999350000000001,0.338
hopper,model,model_3,1,DRF_1_AutoML_3_20251113_201923,drf,DRF,0.529212722222222,0.999999,0.59
hopper,model,model_3,1,XGBoost_1_AutoML_3_20251113_201923,xgboost,XGBoost,0.4700584444444445,0.9999655555555556,0.326
hopper,model,model_3,1,XGBoost_2_AutoML_3_20251113_201923,xgboost,XGBoost,0.483006,0.9999956666666667,0.335
hopper,model,model_3,1,DeepLearning_grid_3_AutoML_3_20251113_201923_model_1,deeplearning,DeepLearning,0.476611,1.0,42.16
hopper,model,model_3,1,GBM_4_AutoML_3_20251113_201923,gbm,GBM,0.5205167777777778,0.9999862222222222,0.612
hopper,model,model_3,1,GBM_1_AutoML_3_20251113_201923,gbm,GBM,0.47703466666666666,0.9999864444444446,0.817
hopper,model,model_3,1,XGBoost_grid_1_AutoML_3_20251113_201923_model_3,xgboost,XGBoost,0.49691016666666665,0.9999717777777777,0.429
hopper,model,model_3,1,GBM_5_AutoML_3_20251113_201923,gbm,GBM,0.5006598888888889,0.9998005,0.437
hopper,model,model_3,1,GBM_3_AutoML_3_20251113_201923,gbm,GBM,0.4913588333333333,0.9997996111111112,0.559
hopper,model,model_3,1,XGBoost_grid_1_AutoML_3_20251113_201923_model_2,xgboost,XGBoost,0.4985194444444445,0.9998017777777778,0.406
hopper,model,model_3,1,GBM_2_AutoML_3_20251113_201923,gbm,GBM,0.5006107222222221,0.999980111111111,0.52
hopper,model,model_3,1,DeepLearning_1_AutoML_3_20251113_201923,deeplearning,DeepLearning,0.5070637777777778,0.9999836666666666,1.75
hopper,model,model_3,1,GBM_grid_1_AutoML_3_20251113_201923_model_2,gbm,GBM,0.49329766666666663,0.9999118888888889,0.343
hopper,model,model_3,1,DeepLearning_grid_1_AutoML_3_20251113_201923_model_1,deeplearning,DeepLearning,0.5183412222222222,1.0,31.963
hopper,model,model_3,1,GLM_1_AutoML_3_20251113_201923,glm,GLM,0.5154726666666666,0.4957114444444445,0.051
hopper,model,model_1,2,GBM_grid_1_AutoML_1_20251113_194959_model_1,gbm,GBM,0.6494392222222222,0.999999,0.713
hopper,model,model_1,2,DRF_1_AutoML_1_20251113_194959,drf,DRF,0.5666377777777778,1.0,0.921
hopper,model,model_1,2,XRT_1_AutoML_1_20251113_194959,drf,XRT,0.5693038333333332,1.0,0.899
hopper,model,model_1,2,XGBoost_2_AutoML_1_20251113_194959,xgboost,XGBoost,0.5118089444444445,0.9999981111111111,0.409
hopper,model,model_1,2,XGBoost_3_AutoML_1_20251113_194959,xgboost,XGBoost,0.517781111111111,0.9999983333333334,0.303
hopper,model,model_1,2,XGBoost_grid_1_AutoML_1_20251113_194959_model_3,xgboost,XGBoost,0.5020641666666666,0.9999974444444444,0.445
hopper,model,model_1,2,XGBoost_grid_1_AutoML_1_20251113_194959_model_1,xgboost,XGBoost,0.5048725555555555,0.9999988888888889,0.346
hopper,model,model_1,2,XGBoost_1_AutoML_1_20251113_194959,xgboost,XGBoost,0.5294852777777778,0.9999965555555557,0.43
hopper,model,model_1,2,GBM_2_AutoML_1_20251113_194959,gbm,GBM,0.5164962777777778,0.9999906666666666,0.565
hopper,model,model_1,2,GBM_1_AutoML_1_20251113_194959,gbm,GBM,0.5037281111111113,0.9999955555555556,1.038
hopper,model,model_1,2,GBM_4_AutoML_1_20251113_194959,gbm,GBM,0.5326452777777777,0.9999991111111112,0.658
hopper,model,model_1,2,GBM_5_AutoML_1_20251113_194959,gbm,GBM,0.5113937777777778,0.9999942222222222,0.492
hopper,model,model_1,2,GBM_3_AutoML_1_20251113_194959,gbm,GBM,0.5262425555555557,0.9999975555555555,0.606
hopper,model,model_1,2,XGBoost_grid_1_AutoML_1_20251113_194959_model_2,xgboost,XGBoost,0.5039273888888888,0.9999754444444444,0.428
hopper,model,model_1,2,DeepLearning_1_AutoML_1_20251113_194959,deeplearning,DeepLearning,0.553339,0.9999995555555556,1.934
hopper,model,model_1,2,DeepLearning_grid_1_AutoML_1_20251113_194959_model_1,deeplearning,DeepLearning,0.5323848888888889,0.9996761111111112,27.367
hopper,model,model_1,2,GBM_grid_1_AutoML_1_20251113_194959_model_2,gbm,GBM,0.49425055555555564,0.999922,0.384
hopper,model,model_1,2,GLM_1_AutoML_1_20251113_194959,glm,GLM,0.5257886666666667,0.4985483333333333,0.072
hopper,model,model_2,2,GBM_grid_1_AutoML_2_20251113_200050_model_1,gbm,GBM,0.6606046111111112,0.9999997777777778,0.763
hopper,model,model_2,2,DeepLearning_grid_2_AutoML_2_20251113_200050_model_1,deeplearning,DeepLearning,0.5362485555555556,0.9999994444444444,40.303
hopper,model,model_2,2,DeepLearning_grid_3_AutoML_2_20251113_200050_model_1,deeplearning,DeepLearning,0.48133155555555557,1.0,40.597
hopper,model,model_2,2,XGBoost_2_AutoML_2_20251113_200050,xgboost,XGBoost,0.5032155,0.9999972222222223,0.33
hopper,model,model_2,2,XRT_1_AutoML_2_20251113_200050,drf,XRT,0.5960748333333333,1.0,0.694
hopper,model,model_2,2,XGBoost_3_AutoML_2_20251113_200050,xgboost,XGBoost,0.5030522777777778,0.9999984444444444,0.293
hopper,model,model_2,2,DeepLearning_1_AutoML_2_20251113_200050,deeplearning,DeepLearning,0.5176116666666667,0.9998414444444443,1.763
hopper,model,model_2,2,XGBoost_grid_1_AutoML_2_20251113_200050_model_1,xgboost,XGBoost,0.5146314444444445,0.9999959999999999,0.332
hopper,model,model_2,2,DRF_1_AutoML_2_20251113_200050,drf,DRF,0.5536309444444445,1.0,0.735
hopper,model,model_2,2,XGBoost_grid_1_AutoML_2_20251113_200050_model_3,xgboost,XGBoost,0.5334021111111111,0.9999943333333333,0.461
hopper,model,model_2,2,GBM_1_AutoML_2_20251113_200050,gbm,GBM,0.5402221111111111,0.9999819999999999,0.799
hopper,model,model_2,2,XGBoost_1_AutoML_2_20251113_200050,xgboost,XGBoost,0.5068673333333333,0.9999913333333333,0.332
hopper,model,model_2,2,XGBoost_grid_1_AutoML_2_20251113_200050_model_2,xgboost,XGBoost,0.49797016666666666,0.9999827777777778,0.388
hopper,model,model_2,2,GBM_3_AutoML_2_20251113_200050,gbm,GBM,0.5217604999999998,0.9999990000000001,0.574
hopper,model,model_2,2,GBM_4_AutoML_2_20251113_200050,gbm,GBM,0.5310278333333334,0.9999982222222221,0.564
hopper,model,model_2,2,GBM_2_AutoML_2_20251113_200050,gbm,GBM,0.4986647222222223,0.9999987777777778,0.492
hopper,model,model_2,2,GBM_5_AutoML_2_20251113_200050,gbm,GBM,0.512663611111111,0.999999,0.427
hopper,model,model_2,2,GBM_grid_1_AutoML_2_20251113_200050_model_2,gbm,GBM,0.491902,0.9999474444444445,0.345
hopper,model,model_2,2,DeepLearning_grid_1_AutoML_2_20251113_200050_model_1,deeplearning,DeepLearning,0.5758883333333333,0.9996857777777778,30.131
hopper,model,model_2,2,GLM_1_AutoML_2_20251113_200050,glm,GLM,0.4914612222222222,0.4973936666666666,0.042
hopper,model,model_3,2,XRT_1_AutoML_3_20251113_201923,drf,XRT,0.5636935555555556,0.9999992222222223,0.868
hopper,model,model_3,2,GBM_grid_1_AutoML_3_20251113_201923_model_1,gbm,GBM,0.6665758888888887,0.9999997777777778,0.802
hopper,model,model_3,2,DeepLearning_grid_2_AutoML_3_20251113_201923_model_1,deeplearning,DeepLearning,0.5086922222222222,0.9999997777777777,37.587
hopper,model,model_3,2,XGBoost_3_AutoML_3_20251113_201923,xgboost,XGBoost,0.5177208888888889,0.9999989999999999,0.278
hopper,model,model_3,2,XGBoost_grid_1_AutoML_3_20251113_201923_model_1,xgboost,XGBoost,0.49798,0.9999846666666666,0.338
hopper,model,model_3,2,DRF_1_AutoML_3_20251113_201923,drf,DRF,0.5257430555555557,0.9999967777777777,0.59
hopper,model,model_3,2,XGBoost_1_AutoML_3_20251113_201923,xgboost,XGBoost,0.4960635,0.9999914444444444,0.326
hopper,model,model_3,2,XGBoost_2_AutoML_3_20251113_201923,xgboost,XGBoost,0.5068606111111111,0.9999945555555556,0.335
hopper,model,model_3,2,DeepLearning_grid_3_AutoML_3_20251113_201923_model_1,deeplearning,DeepLearning,0.48375644444444443,1.0,42.16
hopper,model,model_3,2,GBM_4_AutoML_3_20251113_201923,gbm,GBM,0.5371521111111112,0.9999936666666667,0.612
hopper,model,model_3,2,GBM_1_AutoML_3_20251113_201923,gbm,GBM,0.5049387777777777,0.9999582222222223,0.817
hopper,model,model_3,2,XGBoost_grid_1_AutoML_3_20251113_201923_model_3,xgboost,XGBoost,0.5146496666666666,0.9999835555555556,0.429
hopper,model,model_3,2,GBM_5_AutoML_3_20251113_201923,gbm,GBM,0.5137324444444444,0.9999761111111112,0.437
hopper,model,model_3,2,GBM_3_AutoML_3_20251113_201923,gbm,GBM,0.5065126111111111,0.9999806666666667,0.559
hopper,model,model_3,2,XGBoost_grid_1_AutoML_3_20251113_201923_model_2,xgboost,XGBoost,0.5066036111111111,0.9999728888888889,0.406
hopper,model,model_3,2,GBM_2_AutoML_3_20251113_201923,gbm,GBM,0.5072561666666666,0.9997747222222224,0.52
hopper,model,model_3,2,DeepLearning_1_AutoML_3_20251113_201923,deeplearning,DeepLearning,0.5211952222222223,0.9999998888888889,1.75
hopper,model,model_3,2,GBM_grid_1_AutoML_3_20251113_201923_model_2,gbm,GBM,0.49615122222222213,0.9999183333333334,0.343
hopper,model,model_3,2,DeepLearning_grid_1_AutoML_3_20251113_201923_model_1,deeplearning,DeepLearning,0.5185775555555556,0.9996865555555556,31.963
hopper,model,model_3,2,GLM_1_AutoML_3_20251113_201923,glm,GLM,0.5175493333333333,0.4985974444444445,0.051
hopper,model,model_1,3,GBM_grid_1_AutoML_1_20251113_194959_model_1,gbm,GBM,0.6059165,0.9999988888888889,0.713
hopper,model,model_1,3,DRF_1_AutoML_1_20251113_194959,drf,DRF,0.5583867777777778,1.0,0.921
hopper,model,model_1,3,XRT_1_AutoML_1_20251113_194959,drf,XRT,0.5600531111111111,0.9999999999999999,0.899
hopper,model,model_1,3,XGBoost_2_AutoML_1_20251113_194959,xgboost,XGBoost,0.49977955555555553,0.9999966666666666,0.409
hopper,model,model_1,3,XGBoost_3_AutoML_1_20251113_194959,xgboost,XGBoost,0.5144620555555556,0.9999991111111111,0.303
hopper,model,model_1,3,XGBoost_grid_1_AutoML_1_20251113_194959_model_3,xgboost,XGBoost,0.4901995555555556,0.9999983333333333,0.445
hopper,model,model_1,3,XGBoost_grid_1_AutoML_1_20251113_194959_model_1,xgboost,XGBoost,0.4870666111111111,0.9999997777777778,0.346
hopper,model,model_1,3,XGBoost_1_AutoML_1_20251113_194959,xgboost,XGBoost,0.5047020555555556,0.9999984444444444,0.43
hopper,model,model_1,3,GBM_2_AutoML_1_20251113_194959,gbm,GBM,0.5099321111111111,0.9999992222222223,0.565
hopper,model,model_1,3,GBM_1_AutoML_1_20251113_194959,gbm,GBM,0.47605155555555556,1.0,1.038
hopper,model,model_1,3,GBM_4_AutoML_1_20251113_194959,gbm,GBM,0.5143898333333333,0.9999997777777778,0.658
hopper,model,model_1,3,GBM_5_AutoML_1_20251113_194959,gbm,GBM,0.5057725000000001,0.999998,0.492
hopper,model,model_1,3,GBM_3_AutoML_1_20251113_194959,gbm,GBM,0.5193978333333333,0.9999997777777777,0.606
hopper,model,model_1,3,XGBoost_grid_1_AutoML_1_20251113_194959_model_2,xgboost,XGBoost,0.4976799444444445,0.999997888888889,0.428
hopper,model,model_1,3,DeepLearning_1_AutoML_1_20251113_194959,deeplearning,DeepLearning,0.5431708888888889,0.9999985555555555,1.934
hopper,model,model_1,3,DeepLearning_grid_1_AutoML_1_20251113_194959_model_1,deeplearning,DeepLearning,0.5257793333333334,0.9999888888888889,27.367
hopper,model,model_1,3,GBM_grid_1_AutoML_1_20251113_194959_model_2,gbm,GBM,0.49217649999999996,0.9999485555555556,0.384
hopper,model,model_1,3,GLM_1_AutoML_1_20251113_194959,glm,GLM,0.5441994444444445,0.4982502222222222,0.072
hopper,model,model_2,3,GBM_grid_1_AutoML_2_20251113_200050_model_1,gbm,GBM,0.6129463888888889,0.9999994444444444,0.763
hopper,model,model_2,3,DeepLearning_grid_2_AutoML_2_20251113_200050_model_1,deeplearning,DeepLearning,0.5256091111111112,0.9999998888888889,40.303
hopper,model,model_2,3,DeepLearning_grid_3_AutoML_2_20251113_200050_model_1,deeplearning,DeepLearning,0.4485744444444445,1.0,40.597
hopper,model,model_2,3,XGBoost_2_AutoML_2_20251113_200050,xgboost,XGBoost,0.48979933333333325,0.9999998888888888,0.33
hopper,model,model_2,3,XRT_1_AutoML_2_20251113_200050,drf,XRT,0.5709044999999999,1.0,0.694
hopper,model,model_2,3,XGBoost_3_AutoML_2_20251113_200050,xgboost,XGBoost,0.4925332777777778,0.9999995555555556,0.293
hopper,model,model_2,3,DeepLearning_1_AutoML_2_20251113_200050,deeplearning,DeepLearning,0.4795457777777778,1.0,1.763
hopper,model,model_2,3,XGBoost_grid_1_AutoML_2_20251113_200050_model_1,xgboost,XGBoost,0.49683449999999996,0.9999997777777778,0.332
hopper,model,model_2,3,DRF_1_AutoML_2_20251113_200050,drf,DRF,0.5429324999999999,1.0,0.735
hopper,model,model_2,3,XGBoost_grid_1_AutoML_2_20251113_200050_model_3,xgboost,XGBoost,0.515478,0.9999998888888889,0.461
hopper,model,model_2,3,GBM_1_AutoML_2_20251113_200050,gbm,GBM,0.49930272222222216,0.9999973333333334,0.799
hopper,model,model_2,3,XGBoost_1_AutoML_2_20251113_200050,xgboost,XGBoost,0.4978846111111111,0.9999997777777778,0.332
hopper,model,model_2,3,XGBoost_grid_1_AutoML_2_20251113_200050_model_2,xgboost,XGBoost,0.4890261111111111,0.9999996666666666,0.388
hopper,model,model_2,3,GBM_3_AutoML_2_20251113_200050,gbm,GBM,0.50893,0.9999995555555554,0.574
hopper,model,model_2,3,GBM_4_AutoML_2_20251113_200050,gbm,GBM,0.519676611111111,0.9999997777777778,0.564
hopper,model,model_2,3,GBM_2_AutoML_2_20251113_200050,gbm,GBM,0.4900742777777777,1.0000000000000002,0.492
hopper,model,model_2,3,GBM_5_AutoML_2_20251113_200050,gbm,GBM,0.5061198888888888,0.9999993333333334,0.427
hopper,model,model_2,3,GBM_grid_1_AutoML_2_20251113_200050_model_2,gbm,GBM,0.4800377777777778,0.9999781111111111,0.345
hopper,model,model_2,3,DeepLearning_grid_1_AutoML_2_20251113_200050_model_1,deeplearning,DeepLearning,0.5628357777777777,0.9999996666666666,30.131
hopper,model,model_2,3,GLM_1_AutoML_2_20251113_200050,glm,GLM,0.4862306666666667,0.5002476666666666,0.042
hopper,model,model_3,3,XRT_1_AutoML_3_20251113_201923,drf,XRT,0.5507877222222222,0.9999997777777778,0.868
hopper,model,model_3,3,GBM_grid_1_AutoML_3_20251113_201923_model_1,gbm,GBM,0.6332649444444444,0.999997888888889,0.802
hopper,model,model_3,3,DeepLearning_grid_2_AutoML_3_20251113_201923_model_1,deeplearning,DeepLearning,0.4913007777777777,0.9999998888888889,37.587
hopper,model,model_3,3,XGBoost_3_AutoML_3_20251113_201923,xgboost,XGBoost,0.5037132777777777,0.9999993333333332,0.278
hopper,model,model_3,3,XGBoost_grid_1_AutoML_3_20251113_201923_model_1,xgboost,XGBoost,0.485099388888889,0.9999964444444445,0.338
hopper,model,model_3,3,DRF_1_AutoML_3_20251113_201923,drf,DRF,0.5231394999999999,0.9999999999999999,0.59
hopper,model,model_3,3,XGBoost_1_AutoML_3_20251113_201923,xgboost,XGBoost,0.48154655555555553,0.999999,0.326
hopper,model,model_3,3,XGBoost_2_AutoML_3_20251113_201923,xgboost,XGBoost,0.48788988888888885,0.9999987777777779,0.335
hopper,model,model_3,3,DeepLearning_grid_3_AutoML_3_20251113_201923_model_1,deeplearning,DeepLearning,0.44594477777777775,0.9999998888888889,42.16
hopper,model,model_3,3,GBM_4_AutoML_3_20251113_201923,gbm,GBM,0.5278562222222223,0.9999988888888888,0.612
hopper,model,model_3,3,GBM_1_AutoML_3_20251113_201923,gbm,GBM,0.48429972222222223,0.999994,0.817
hopper,model,model_3,3,XGBoost_grid_1_AutoML_3_20251113_201923_model_3,xgboost,XGBoost,0.4866161666666667,0.9999973333333334,0.429
hopper,model,model_3,3,GBM_5_AutoML_3_20251113_201923,gbm,GBM,0.5024525555555556,0.9999925555555556,0.437
hopper,model,model_3,3,GBM_3_AutoML_3_20251113_201923,gbm,GBM,0.4965285,0.9999997777777778,0.559
hopper,model,model_3,3,XGBoost_grid_1_AutoML_3_20251113_201923_model_2,xgboost,XGBoost,0.5009884444444445,0.9999974444444444,0.406
hopper,model,model_3,3,GBM_2_AutoML_3_20251113_201923,gbm,GBM,0.5019917222222222,0.9999943333333333,0.52
hopper,model,model_3,3,DeepLearning_1_AutoML_3_20251113_201923,deeplearning,DeepLearning,0.494857,0.9999984444444444,1.75
hopper,model,model_3,3,GBM_grid_1_AutoML_3_20251113_201923_model_2,gbm,GBM,0.4978121111111111,0.9999553333333333,0.343
hopper,model,model_3,3,DeepLearning_grid_1_AutoML_3_20251113_201923_model_1,deeplearning,DeepLearning,0.5154770000000001,0.9999996666666666,31.963
hopper,model,model_3,3,GLM_1_AutoML_3_20251113_201923,glm,GLM,0.49785999999999997,0.4993931111111111,0.051
hopper,model,model_1,4,GBM_grid_1_AutoML_1_20251113_194959_model_1,gbm,GBM,0.6196731111111111,0.9999961111111111,0.713
hopper,model,model_1,4,DRF_1_AutoML_1_20251113_194959,drf,DRF,0.5601384444444445,0.9999998888888889,0.921
hopper,model,model_1,4,XRT_1_AutoML_1_20251113_194959,drf,XRT,0.5572205,0.9999992222222223,0.899
hopper,model,model_1,4,XGBoost_2_AutoML_1_20251113_194959,xgboost,XGBoost,0.4970716111111111,0.9999936666666667,0.409
hopper,model,model_1,4,XGBoost_3_AutoML_1_20251113_194959,xgboost,XGBoost,0.5114580555555556,0.9999905555555556,0.303
hopper,model,model_1,4,XGBoost_grid_1_AutoML_1_20251113_194959_model_3,xgboost,XGBoost,0.48149966666666666,0.999987,0.445
hopper,model,model_1,4,XGBoost_grid_1_AutoML_1_20251113_194959_model_1,xgboost,XGBoost,0.4985260555555555,0.9999916666666667,0.346
hopper,model,model_1,4,XGBoost_1_AutoML_1_20251113_194959,xgboost,XGBoost,0.5101555555555556,0.9999878888888889,0.43
hopper,model,model_1,4,GBM_2_AutoML_1_20251113_194959,gbm,GBM,0.5093080555555556,0.9999860000000002,0.565
hopper,model,model_1,4,GBM_1_AutoML_1_20251113_194959,gbm,GBM,0.4960803333333333,0.9999857777777779,1.038
hopper,model,model_1,4,GBM_4_AutoML_1_20251113_194959,gbm,GBM,0.5302848333333333,0.9999952222222224,0.658
hopper,model,model_1,4,GBM_5_AutoML_1_20251113_194959,gbm,GBM,0.5074953888888889,0.9999845555555555,0.492
hopper,model,model_1,4,GBM_3_AutoML_1_20251113_194959,gbm,GBM,0.5153719999999999,0.9999945555555555,0.606
hopper,model,model_1,4,XGBoost_grid_1_AutoML_1_20251113_194959_model_2,xgboost,XGBoost,0.4975488888888888,0.9999719444444445,0.428
hopper,model,model_1,4,DeepLearning_1_AutoML_1_20251113_194959,deeplearning,DeepLearning,0.5613463333333333,0.9999968888888889,1.934
hopper,model,model_1,4,DeepLearning_grid_1_AutoML_1_20251113_194959_model_1,deeplearning,DeepLearning,0.5314456666666667,0.9999996666666666,27.367
hopper,model,model_1,4,GBM_grid_1_AutoML_1_20251113_194959_model_2,gbm,GBM,0.4898175,0.9998747777777778,0.384
hopper,model,model_1,4,GLM_1_AutoML_1_20251113_194959,glm,GLM,0.5478885555555555,0.49957822222222226,0.072
hopper,model,model_2,4,GBM_grid_1_AutoML_2_20251113_200050_model_1,gbm,GBM,0.6288245,0.9999859999999999,0.763
hopper,model,model_2,4,DeepLearning_grid_2_AutoML_2_20251113_200050_model_1,deeplearning,DeepLearning,0.5318856666666667,0.9999992222222223,40.303
hopper,model,model_2,4,DeepLearning_grid_3_AutoML_2_20251113_200050_model_1,deeplearning,DeepLearning,0.46980666666666665,0.999978,40.597
hopper,model,model_2,4,XGBoost_2_AutoML_2_20251113_200050,xgboost,XGBoost,0.498075,0.999919,0.33
hopper,model,model_2,4,XRT_1_AutoML_2_20251113_200050,drf,XRT,0.5973211111111112,0.999737388888889,0.694
hopper,model,model_2,4,XGBoost_3_AutoML_2_20251113_200050,xgboost,XGBoost,0.4958707222222223,0.9999478888888889,0.293
hopper,model,model_2,4,DeepLearning_1_AutoML_2_20251113_200050,deeplearning,DeepLearning,0.5078077777777779,0.9999964444444445,1.763
hopper,model,model_2,4,XGBoost_grid_1_AutoML_2_20251113_200050_model_1,xgboost,XGBoost,0.5080658333333333,0.9999131111111111,0.332
hopper,model,model_2,4,DRF_1_AutoML_2_20251113_200050,drf,DRF,0.5577027222222222,0.9999958888888889,0.735
hopper,model,model_2,4,XGBoost_grid_1_AutoML_2_20251113_200050_model_3,xgboost,XGBoost,0.5211205555555556,0.9998765555555555,0.461
hopper,model,model_2,4,GBM_1_AutoML_2_20251113_200050,gbm,GBM,0.5288527777777777,0.9998504444444445,0.799
hopper,model,model_2,4,XGBoost_1_AutoML_2_20251113_200050,xgboost,XGBoost,0.501374,0.999860111111111,0.332
hopper,model,model_2,4,XGBoost_grid_1_AutoML_2_20251113_200050_model_2,xgboost,XGBoost,0.49256833333333333,0.9997849444444444,0.388
hopper,model,model_2,4,GBM_3_AutoML_2_20251113_200050,gbm,GBM,0.5136688333333334,0.9997988333333334,0.574
hopper,model,model_2,4,GBM_4_AutoML_2_20251113_200050,gbm,GBM,0.5200233888888889,0.9998083888888889,0.564
hopper,model,model_2,4,GBM_2_AutoML_2_20251113_200050,gbm,GBM,0.49262777777777783,0.9997654444444445,0.492
hopper,model,model_2,4,GBM_5_AutoML_2_20251113_200050,gbm,GBM,0.513885888888889,0.9997887222222223,0.427
hopper,model,model_2,4,GBM_grid_1_AutoML_2_20251113_200050_model_2,gbm,GBM,0.48269405555555556,0.9996991111111111,0.345
hopper,model,model_2,4,DeepLearning_grid_1_AutoML_2_20251113_200050_model_1,deeplearning,DeepLearning,0.570113,0.9999993333333332,30.131
hopper,model,model_2,4,GLM_1_AutoML_2_20251113_200050,glm,GLM,0.4908025555555556,0.49996222222222225,0.042
hopper,model,model_3,4,XRT_1_AutoML_3_20251113_201923,drf,XRT,0.5606272777777778,0.9999996666666666,0.868
hopper,model,model_3,4,GBM_grid_1_AutoML_3_20251113_201923_model_1,gbm,GBM,0.6336366666666667,0.9999964444444445,0.802
hopper,model,model_3,4,DeepLearning_grid_2_AutoML_3_20251113_201923_model_1,deeplearning,DeepLearning,0.5010438888888888,0.9999968888888889,37.587
hopper,model,model_3,4,XGBoost_3_AutoML_3_20251113_201923,xgboost,XGBoost,0.5137954444444442,0.999989888888889,0.278
hopper,model,model_3,4,XGBoost_grid_1_AutoML_3_20251113_201923_model_1,xgboost,XGBoost,0.4888178333333333,0.9999889999999999,0.338
hopper,model,model_3,4,DRF_1_AutoML_3_20251113_201923,drf,DRF,0.5141791666666666,0.9999988333333333,0.59
hopper,model,model_3,4,XGBoost_1_AutoML_3_20251113_201923,xgboost,XGBoost,0.48417266666666664,0.9999825555555555,0.326
hopper,model,model_3,4,XGBoost_2_AutoML_3_20251113_201923,xgboost,XGBoost,0.48462888888888894,0.9999962222222222,0.335
hopper,model,model_3,4,DeepLearning_grid_3_AutoML_3_20251113_201923_model_1,deeplearning,DeepLearning,0.46836144444444444,0.999979,42.16
hopper,model,model_3,4,GBM_4_AutoML_3_20251113_201923,gbm,GBM,0.5234109444444445,0.9999913333333335,0.612
hopper,model,model_3,4,GBM_1_AutoML_3_20251113_201923,gbm,GBM,0.48853144444444435,0.999983,0.817
hopper,model,model_3,4,XGBoost_grid_1_AutoML_3_20251113_201923_model_3,xgboost,XGBoost,0.5003466666666666,0.9999836666666666,0.429
hopper,model,model_3,4,GBM_5_AutoML_3_20251113_201923,gbm,GBM,0.49968211111111116,0.9999813333333334,0.437
hopper,model,model_3,4,GBM_3_AutoML_3_20251113_201923,gbm,GBM,0.4944434444444444,0.999973888888889,0.559
hopper,model,model_3,4,XGBoost_grid_1_AutoML_3_20251113_201923_model_2,xgboost,XGBoost,0.49690627777777774,0.9999581666666667,0.406
hopper,model,model_3,4,GBM_2_AutoML_3_20251113_201923,gbm,GBM,0.4956828888888889,0.9997853333333333,0.52
hopper,model,model_3,4,DeepLearning_1_AutoML_3_20251113_201923,deeplearning,DeepLearning,0.5186042222222222,0.9999929999999999,1.75
hopper,model,model_3,4,GBM_grid_1_AutoML_3_20251113_201923_model_2,gbm,GBM,0.49423561111111114,0.9998845555555554,0.343
hopper,model,model_3,4,DeepLearning_grid_1_AutoML_3_20251113_201923_model_1,deeplearning,DeepLearning,0.511941,0.9999992222222222,31.963
hopper,model,model_3,4,GLM_1_AutoML_3_20251113_201923,glm,GLM,0.5215131111111111,0.5001322222222222,0.051
hopper,model,model_1,5,GBM_grid_1_AutoML_1_20251113_194959_model_1,gbm,GBM,0.6094179444444445,1.0,0.713
hopper,model,model_1,5,DRF_1_AutoML_1_20251113_194959,drf,DRF,0.550364111111111,1.0,0.921
hopper,model,model_1,5,XRT_1_AutoML_1_20251113_194959,drf,XRT,0.5595704444444445,1.0,0.899
hopper,model,model_1,5,XGBoost_2_AutoML_1_20251113_194959,xgboost,XGBoost,0.49019088888888884,1.0,0.409
hopper,model,model_1,5,XGBoost_3_AutoML_1_20251113_194959,xgboost,XGBoost,0.5083850555555556,1.0,0.303
hopper,model,model_1,5,XGBoost_grid_1_AutoML_1_20251113_194959_model_3,xgboost,XGBoost,0.47179088888888887,1.0,0.445
hopper,model,model_1,5,XGBoost_grid_1_AutoML_1_20251113_194959_model_1,xgboost,XGBoost,0.48292100000000004,0.9999997777777778,0.346
hopper,model,model_1,5,XGBoost_1_AutoML_1_20251113_194959,xgboost,XGBoost,0.5023747777777778,0.9999998888888888,0.43
hopper,model,model_1,5,GBM_2_AutoML_1_20251113_194959,gbm,GBM,0.5164023333333333,0.9999998888888889,0.565
hopper,model,model_1,5,GBM_1_AutoML_1_20251113_194959,gbm,GBM,0.4889046111111112,0.9999995555555555,1.038
hopper,model,model_1,5,GBM_4_AutoML_1_20251113_194959,gbm,GBM,0.5138602777777778,1.0000000000000002,0.658
hopper,model,model_1,5,GBM_5_AutoML_1_20251113_194959,gbm,GBM,0.5138867222222223,1.0,0.492
hopper,model,model_1,5,GBM_3_AutoML_1_20251113_194959,gbm,GBM,0.5227288888888889,0.9999998888888889,0.606
hopper,model,model_1,5,XGBoost_grid_1_AutoML_1_20251113_194959_model_2,xgboost,XGBoost,0.49836938888888893,1.0,0.428
hopper,model,model_1,5,DeepLearning_1_AutoML_1_20251113_194959,deeplearning,DeepLearning,0.526813,0.9999616666666666,1.934
hopper,model,model_1,5,DeepLearning_grid_1_AutoML_1_20251113_194959_model_1,deeplearning,DeepLearning,0.5353856666666666,0.9996774444444445,27.367
hopper,model,model_1,5,GBM_grid_1_AutoML_1_20251113_194959_model_2,gbm,GBM,0.48922038888888886,0.9999821111111111,0.384
hopper,model,model_1,5,GLM_1_AutoML_1_20251113_194959,glm,GLM,0.5210554444444445,0.4956847777777778,0.072
hopper,model,model_2,5,GBM_grid_1_AutoML_2_20251113_200050_model_1,gbm,GBM,0.615553388888889,0.9999998888888889,0.763
hopper,model,model_2,5,DeepLearning_grid_2_AutoML_2_20251113_200050_model_1,deeplearning,DeepLearning,0.5346255555555556,0.9999971111111111,40.303
hopper,model,model_2,5,DeepLearning_grid_3_AutoML_2_20251113_200050_model_1,deeplearning,DeepLearning,0.47459822222222225,1.0,40.597
hopper,model,model_2,5,XGBoost_2_AutoML_2_20251113_200050,xgboost,XGBoost,0.4798716666666666,0.9999997777777778,0.33
hopper,model,model_2,5,XRT_1_AutoML_2_20251113_200050,drf,XRT,0.5790050555555557,0.9999999999999999,0.694
hopper,model,model_2,5,XGBoost_3_AutoML_2_20251113_200050,xgboost,XGBoost,0.4853383888888889,0.9999999999999999,0.293
hopper,model,model_2,5,DeepLearning_1_AutoML_2_20251113_200050,deeplearning,DeepLearning,0.48867733333333335,0.9999993333333334,1.763
hopper,model,model_2,5,XGBoost_grid_1_AutoML_2_20251113_200050_model_1,xgboost,XGBoost,0.4918993333333334,0.9999986666666666,0.332
hopper,model,model_2,5,DRF_1_AutoML_2_20251113_200050,drf,DRF,0.5402523888888888,1.0,0.735
hopper,model,model_2,5,XGBoost_grid_1_AutoML_2_20251113_200050_model_3,xgboost,XGBoost,0.5037977777777777,0.9999973333333333,0.461
hopper,model,model_2,5,GBM_1_AutoML_2_20251113_200050,gbm,GBM,0.49910944444444444,0.9999868888888889,0.799
hopper,model,model_2,5,XGBoost_1_AutoML_2_20251113_200050,xgboost,XGBoost,0.49127455555555555,0.9999983333333333,0.332
hopper,model,model_2,5,XGBoost_grid_1_AutoML_2_20251113_200050_model_2,xgboost,XGBoost,0.4940982777777778,0.9999928333333333,0.388
hopper,model,model_2,5,GBM_3_AutoML_2_20251113_200050,gbm,GBM,0.5159785555555557,0.9999986666666667,0.574
hopper,model,model_2,5,GBM_4_AutoML_2_20251113_200050,gbm,GBM,0.5199803333333334,0.9999992222222223,0.564
hopper,model,model_2,5,GBM_2_AutoML_2_20251113_200050,gbm,GBM,0.4928100555555556,0.9999946666666667,0.492
hopper,model,model_2,5,GBM_5_AutoML_2_20251113_200050,gbm,GBM,0.5072375555555555,0.9999963333333334,0.427
hopper,model,model_2,5,GBM_grid_1_AutoML_2_20251113_200050_model_2,gbm,GBM,0.48420516666666663,0.9999627777777779,0.345
hopper,model,model_2,5,DeepLearning_grid_1_AutoML_2_20251113_200050_model_1,deeplearning,DeepLearning,0.5751487777777777,0.9996812222222222,30.131
hopper,model,model_2,5,GLM_1_AutoML_2_20251113_200050,glm,GLM,0.48702688888888895,0.5008594444444444,0.042
hopper,model,model_3,5,XRT_1_AutoML_3_20251113_201923,drf,XRT,0.5609873333333334,1.0,0.868
hopper,model,model_3,5,GBM_grid_1_AutoML_3_20251113_201923_model_1,gbm,GBM,0.6302202777777778,0.9999998888888888,0.802
hopper,model,model_3,5,DeepLearning_grid_2_AutoML_3_20251113_201923_model_1,deeplearning,DeepLearning,0.5023243333333333,0.9999997777777777,37.587
hopper,model,model_3,5,XGBoost_3_AutoML_3_20251113_201923,xgboost,XGBoost,0.49798966666666666,0.9999995555555555,0.278
hopper,model,model_3,5,XGBoost_grid_1_AutoML_3_20251113_201923_model_1,xgboost,XGBoost,0.4820821111111111,0.999997111111111,0.338
hopper,model,model_3,5,DRF_1_AutoML_3_20251113_201923,drf,DRF,0.5175570555555555,1.0,0.59
hopper,model,model_3,5,XGBoost_1_AutoML_3_20251113_201923,xgboost,XGBoost,0.4748338888888889,0.9999972222222223,0.326
hopper,model,model_3,5,XGBoost_2_AutoML_3_20251113_201923,xgboost,XGBoost,0.48409761111111105,0.999999888888889,0.335
hopper,model,model_3,5,DeepLearning_grid_3_AutoML_3_20251113_201923_model_1,deeplearning,DeepLearning,0.46904155555555554,1.0,42.16
hopper,model,model_3,5,GBM_4_AutoML_3_20251113_201923,gbm,GBM,0.5233216666666668,1.0,0.612
hopper,model,model_3,5,GBM_1_AutoML_3_20251113_201923,gbm,GBM,0.47364388888888886,0.9999983333333333,0.817
hopper,model,model_3,5,XGBoost_grid_1_AutoML_3_20251113_201923_model_3,xgboost,XGBoost,0.4859628333333333,0.9999997777777778,0.429
hopper,model,model_3,5,GBM_5_AutoML_3_20251113_201923,gbm,GBM,0.49885638888888884,0.9999977777777778,0.437
hopper,model,model_3,5,GBM_3_AutoML_3_20251113_201923,gbm,GBM,0.4967694444444445,0.9999997777777778,0.559
hopper,model,model_3,5,XGBoost_grid_1_AutoML_3_20251113_201923_model_2,xgboost,XGBoost,0.5019034444444445,0.9999965555555556,0.406
hopper,model,model_3,5,GBM_2_AutoML_3_20251113_201923,gbm,GBM,0.4997106111111112,0.9999995555555555,0.52
hopper,model,model_3,5,DeepLearning_1_AutoML_3_20251113_201923,deeplearning,DeepLearning,0.5054005555555556,0.9996675555555555,1.75
hopper,model,model_3,5,GBM_grid_1_AutoML_3_20251113_201923_model_2,gbm,GBM,0.49673677777777775,0.9999721111111111,0.343
hopper,model,model_3,5,DeepLearning_grid_1_AutoML_3_20251113_201923_model_1,deeplearning,DeepLearning,0.5273490000000001,0.9996805555555556,31.963
hopper,model,model_3,5,GLM_1_AutoML_3_20251113_201923,glm,GLM,0.5067566666666666,0.49937711111111116,0.051
hopper,model,model_1,6,GBM_grid_1_AutoML_1_20251113_194959_model_1,gbm,GBM,0.6228484444444444,0.999999,0.713
hopper,model,model_1,6,DRF_1_AutoML_1_20251113_194959,drf,DRF,0.5534620555555555,0.9999997777777777,0.921
hopper,model,model_1,6,XRT_1_AutoML_1_20251113_194959,drf,XRT,0.5550421666666666,0.9999998888888889,0.899
hopper,model,model_1,6,XGBoost_2_AutoML_1_20251113_194959,xgboost,XGBoost,0.5096127222222222,0.9999938888888888,0.409
hopper,model,model_1,6,XGBoost_3_AutoML_1_20251113_194959,xgboost,XGBoost,0.5237408888888889,0.9999977777777778,0.303
hopper,model,model_1,6,XGBoost_grid_1_AutoML_1_20251113_194959_model_3,xgboost,XGBoost,0.48116172222222225,0.9999945555555556,0.445
hopper,model,model_1,6,XGBoost_grid_1_AutoML_1_20251113_194959_model_1,xgboost,XGBoost,0.4956076666666667,0.9999945555555556,0.346
hopper,model,model_1,6,XGBoost_1_AutoML_1_20251113_194959,xgboost,XGBoost,0.5104912777777778,0.9999923333333333,0.43
hopper,model,model_1,6,GBM_2_AutoML_1_20251113_194959,gbm,GBM,0.5179934444444444,0.9999943333333333,0.565
hopper,model,model_1,6,GBM_1_AutoML_1_20251113_194959,gbm,GBM,0.5057337777777778,0.9999867777777778,1.038
hopper,model,model_1,6,GBM_4_AutoML_1_20251113_194959,gbm,GBM,0.524403111111111,0.9999983333333334,0.658
hopper,model,model_1,6,GBM_5_AutoML_1_20251113_194959,gbm,GBM,0.5118876111111111,0.9999935555555555,0.492
hopper,model,model_1,6,GBM_3_AutoML_1_20251113_194959,gbm,GBM,0.5162591111111111,0.9999964444444445,0.606
hopper,model,model_1,6,XGBoost_grid_1_AutoML_1_20251113_194959_model_2,xgboost,XGBoost,0.5030364444444444,0.9999892222222222,0.428
hopper,model,model_1,6,DeepLearning_1_AutoML_1_20251113_194959,deeplearning,DeepLearning,0.5549886666666667,0.9999974444444445,1.934
hopper,model,model_1,6,DeepLearning_grid_1_AutoML_1_20251113_194959_model_1,deeplearning,DeepLearning,0.5275755555555556,0.999556888888889,27.367
hopper,model,model_1,6,GBM_grid_1_AutoML_1_20251113_194959_model_2,gbm,GBM,0.49219488888888885,0.9999204444444445,0.384
hopper,model,model_1,6,GLM_1_AutoML_1_20251113_194959,glm,GLM,0.5601827777777777,0.4960245555555556,0.072
hopper,model,model_2,6,GBM_grid_1_AutoML_2_20251113_200050_model_1,gbm,GBM,0.6289117222222222,1.0,0.763
hopper,model,model_2,6,DeepLearning_grid_2_AutoML_2_20251113_200050_model_1,deeplearning,DeepLearning,0.5274957777777778,0.9999986666666667,40.303
hopper,model,model_2,6,DeepLearning_grid_3_AutoML_2_20251113_200050_model_1,deeplearning,DeepLearning,0.45417411111111117,0.9999963333333334,40.597
hopper,model,model_2,6,XGBoost_2_AutoML_2_20251113_200050,xgboost,XGBoost,0.5099559444444445,0.9999972222222222,0.33
hopper,model,model_2,6,XRT_1_AutoML_2_20251113_200050,drf,XRT,0.601872111111111,1.0,0.694
hopper,model,model_2,6,XGBoost_3_AutoML_2_20251113_200050,xgboost,XGBoost,0.49619488888888885,0.9999995555555556,0.293
hopper,model,model_2,6,DeepLearning_1_AutoML_2_20251113_200050,deeplearning,DeepLearning,0.49430422222222226,0.9999997777777778,1.763
hopper,model,model_2,6,XGBoost_grid_1_AutoML_2_20251113_200050_model_1,xgboost,XGBoost,0.5149306111111112,0.9999991111111111,0.332
hopper,model,model_2,6,DRF_1_AutoML_2_20251113_200050,drf,DRF,0.5546818888888889,0.9999997777777777,0.735
hopper,model,model_2,6,XGBoost_grid_1_AutoML_2_20251113_200050_model_3,xgboost,XGBoost,0.5220012777777777,0.9999961111111112,0.461
hopper,model,model_2,6,GBM_1_AutoML_2_20251113_200050,gbm,GBM,0.5143613333333333,0.9999859999999999,0.799
hopper,model,model_2,6,XGBoost_1_AutoML_2_20251113_200050,xgboost,XGBoost,0.5096478333333333,0.9999922222222222,0.332
hopper,model,model_2,6,XGBoost_grid_1_AutoML_2_20251113_200050_model_2,xgboost,XGBoost,0.4997813333333333,0.9999967777777778,0.388
hopper,model,model_2,6,GBM_3_AutoML_2_20251113_200050,gbm,GBM,0.5208572222222222,0.9999977777777779,0.574
hopper,model,model_2,6,GBM_4_AutoML_2_20251113_200050,gbm,GBM,0.5279141666666666,0.9999973333333333,0.564
hopper,model,model_2,6,GBM_2_AutoML_2_20251113_200050,gbm,GBM,0.5020687222222222,0.9999957777777777,0.492
hopper,model,model_2,6,GBM_5_AutoML_2_20251113_200050,gbm,GBM,0.5152703333333332,0.999996777777778,0.427
hopper,model,model_2,6,GBM_grid_1_AutoML_2_20251113_200050_model_2,gbm,GBM,0.49075588888888894,0.9999607777777777,0.345
hopper,model,model_2,6,DeepLearning_grid_1_AutoML_2_20251113_200050_model_1,deeplearning,DeepLearning,0.5606543333333334,0.9996866666666667,30.131
hopper,model,model_2,6,GLM_1_AutoML_2_20251113_200050,glm,GLM,0.48602911111111113,0.5011747777777777,0.042
hopper,model,model_3,6,XRT_1_AutoML_3_20251113_201923,drf,XRT,0.5675843333333334,1.0,0.868
hopper,model,model_3,6,GBM_grid_1_AutoML_3_20251113_201923_model_1,gbm,GBM,0.6438141666666666,0.9999983333333333,0.802
hopper,model,model_3,6,DeepLearning_grid_2_AutoML_3_20251113_201923_model_1,deeplearning,DeepLearning,0.4925991111111111,0.9999995555555555,37.587
hopper,model,model_3,6,XGBoost_3_AutoML_3_20251113_201923,xgboost,XGBoost,0.5116993333333333,0.9999983333333333,0.278
hopper,model,model_3,6,XGBoost_grid_1_AutoML_3_20251113_201923_model_1,xgboost,XGBoost,0.4961919444444444,0.9999954444444445,0.338
hopper,model,model_3,6,DRF_1_AutoML_3_20251113_201923,drf,DRF,0.5262982777777778,1.0,0.59
hopper,model,model_3,6,XGBoost_1_AutoML_3_20251113_201923,xgboost,XGBoost,0.49118744444444434,0.99999,0.326
hopper,model,model_3,6,XGBoost_2_AutoML_3_20251113_201923,xgboost,XGBoost,0.4837961111111111,0.9999922222222223,0.335
hopper,model,model_3,6,DeepLearning_grid_3_AutoML_3_20251113_201923_model_1,deeplearning,DeepLearning,0.44824711111111115,0.9999998888888889,42.16
hopper,model,model_3,6,GBM_4_AutoML_3_20251113_201923,gbm,GBM,0.5290453333333334,0.9999993333333332,0.612
hopper,model,model_3,6,GBM_1_AutoML_3_20251113_201923,gbm,GBM,0.4880053888888889,0.9999933333333333,0.817
hopper,model,model_3,6,XGBoost_grid_1_AutoML_3_20251113_201923_model_3,xgboost,XGBoost,0.49244905555555557,0.9999888888888889,0.429
hopper,model,model_3,6,GBM_5_AutoML_3_20251113_201923,gbm,GBM,0.5052769444444445,0.9999924444444445,0.437
hopper,model,model_3,6,GBM_3_AutoML_3_20251113_201923,gbm,GBM,0.49263316666666657,0.9999997777777778,0.559
hopper,model,model_3,6,XGBoost_grid_1_AutoML_3_20251113_201923_model_2,xgboost,XGBoost,0.49845266666666666,0.9999978888888889,0.406
hopper,model,model_3,6,GBM_2_AutoML_3_20251113_201923,gbm,GBM,0.49776616666666673,0.999991,0.52
hopper,model,model_3,6,DeepLearning_1_AutoML_3_20251113_201923,deeplearning,DeepLearning,0.5067085555555556,0.9997387777777779,1.75
hopper,model,model_3,6,GBM_grid_1_AutoML_3_20251113_201923_model_2,gbm,GBM,0.4993198888888889,0.9999577777777778,0.343
hopper,model,model_3,6,DeepLearning_grid_1_AutoML_3_20251113_201923_model_1,deeplearning,DeepLearning,0.5037172222222223,0.9998431111111111,31.963
hopper,model,model_3,6,GLM_1_AutoML_3_20251113_201923,glm,GLM,0.5125746666666666,0.4995521111111111,0.051
hopper,model,model_1,7,GBM_grid_1_AutoML_1_20251113_194959_model_1,gbm,GBM,0.6280778333333333,1.0,0.713
hopper,model,model_1,7,DRF_1_AutoML_1_20251113_194959,drf,DRF,0.5535270555555556,1.0,0.921
hopper,model,model_1,7,XRT_1_AutoML_1_20251113_194959,drf,XRT,0.5614971666666667,1.0,0.899
hopper,model,model_1,7,XGBoost_2_AutoML_1_20251113_194959,xgboost,XGBoost,0.4977276666666667,0.9999992222222223,0.409
hopper,model,model_1,7,XGBoost_3_AutoML_1_20251113_194959,xgboost,XGBoost,0.5123530555555555,1.0,0.303
hopper,model,model_1,7,XGBoost_grid_1_AutoML_1_20251113_194959_model_3,xgboost,XGBoost,0.48038061111111113,0.9999991111111112,0.445
hopper,model,model_1,7,XGBoost_grid_1_AutoML_1_20251113_194959_model_1,xgboost,XGBoost,0.4879597777777778,0.9999991111111112,0.346
hopper,model,model_1,7,XGBoost_1_AutoML_1_20251113_194959,xgboost,XGBoost,0.5104871111111111,0.9999991111111111,0.43
hopper,model,model_1,7,GBM_2_AutoML_1_20251113_194959,gbm,GBM,0.5128985555555555,0.9999983333333333,0.565
hopper,model,model_1,7,GBM_1_AutoML_1_20251113_194959,gbm,GBM,0.4931377777777778,0.9999975555555557,1.038
hopper,model,model_1,7,GBM_4_AutoML_1_20251113_194959,gbm,GBM,0.5266035,0.9999998888888889,0.658
hopper,model,model_1,7,GBM_5_AutoML_1_20251113_194959,gbm,GBM,0.5142548888888889,0.9999975555555556,0.492
hopper,model,model_1,7,GBM_3_AutoML_1_20251113_194959,gbm,GBM,0.5144616111111112,0.9999995555555555,0.606
hopper,model,model_1,7,XGBoost_grid_1_AutoML_1_20251113_194959_model_2,xgboost,XGBoost,0.4986329444444444,0.9999955555555555,0.428
hopper,model,model_1,7,DeepLearning_1_AutoML_1_20251113_194959,deeplearning,DeepLearning,0.5387465555555555,0.9997028888888889,1.934
hopper,model,model_1,7,DeepLearning_grid_1_AutoML_1_20251113_194959_model_1,deeplearning,DeepLearning,0.5350820000000001,1.0,27.367
hopper,model,model_1,7,GBM_grid_1_AutoML_1_20251113_194959_model_2,gbm,GBM,0.4924777777777778,0.9999654444444446,0.384
hopper,model,model_1,7,GLM_1_AutoML_1_20251113_194959,glm,GLM,0.5226366666666666,0.4999485555555555,0.072
hopper,model,model_2,7,GBM_grid_1_AutoML_2_20251113_200050_model_1,gbm,GBM,0.6374207222222221,1.0,0.763
hopper,model,model_2,7,DeepLearning_grid_2_AutoML_2_20251113_200050_model_1,deeplearning,DeepLearning,0.536136,1.0,40.303
hopper,model,model_2,7,DeepLearning_grid_3_AutoML_2_20251113_200050_model_1,deeplearning,DeepLearning,0.47695288888888887,1.0,40.597
hopper,model,model_2,7,XGBoost_2_AutoML_2_20251113_200050,xgboost,XGBoost,0.49306083333333334,0.9999996666666666,0.33
hopper,model,model_2,7,XRT_1_AutoML_2_20251113_200050,drf,XRT,0.5805338333333332,1.0,0.694
hopper,model,model_2,7,XGBoost_3_AutoML_2_20251113_200050,xgboost,XGBoost,0.49804433333333337,0.999997,0.293
hopper,model,model_2,7,DeepLearning_1_AutoML_2_20251113_200050,deeplearning,DeepLearning,0.4962026666666667,1.0,1.763
hopper,model,model_2,7,XGBoost_grid_1_AutoML_2_20251113_200050_model_1,xgboost,XGBoost,0.5028230555555556,0.9999979999999999,0.332
hopper,model,model_2,7,DRF_1_AutoML_2_20251113_200050,drf,DRF,0.5530177777777777,1.0,0.735
hopper,model,model_2,7,XGBoost_grid_1_AutoML_2_20251113_200050_model_3,xgboost,XGBoost,0.5129543888888889,0.9999871111111112,0.461
hopper,model,model_2,7,GBM_1_AutoML_2_20251113_200050,gbm,GBM,0.511160111111111,0.9999873333333333,0.799
hopper,model,model_2,7,XGBoost_1_AutoML_2_20251113_200050,xgboost,XGBoost,0.5002162222222222,0.9999960000000001,0.332
hopper,model,model_2,7,XGBoost_grid_1_AutoML_2_20251113_200050_model_2,xgboost,XGBoost,0.4945255555555555,0.9999863333333333,0.388
hopper,model,model_2,7,GBM_3_AutoML_2_20251113_200050,gbm,GBM,0.5118311666666667,0.9999965555555554,0.574
hopper,model,model_2,7,GBM_4_AutoML_2_20251113_200050,gbm,GBM,0.5226393333333333,0.9999985555555555,0.564
hopper,model,model_2,7,GBM_2_AutoML_2_20251113_200050,gbm,GBM,0.49404438888888885,0.9999946666666666,0.492
hopper,model,model_2,7,GBM_5_AutoML_2_20251113_200050,gbm,GBM,0.5122344444444443,0.9999982222222222,0.427
hopper,model,model_2,7,GBM_grid_1_AutoML_2_20251113_200050_model_2,gbm,GBM,0.4853798888888889,0.9999428888888888,0.345
hopper,model,model_2,7,DeepLearning_grid_1_AutoML_2_20251113_200050_model_1,deeplearning,DeepLearning,0.5799282222222223,0.9999472222222223,30.131
hopper,model,model_2,7,GLM_1_AutoML_2_20251113_200050,glm,GLM,0.4926707777777778,0.497672,0.042
hopper,model,model_3,7,XRT_1_AutoML_3_20251113_201923,drf,XRT,0.5627344999999999,1.0,0.868
hopper,model,model_3,7,GBM_grid_1_AutoML_3_20251113_201923_model_1,gbm,GBM,0.6358482222222223,1.0,0.802
hopper,model,model_3,7,DeepLearning_grid_2_AutoML_3_20251113_201923_model_1,deeplearning,DeepLearning,0.5060111111111111,0.9999997777777778,37.587
hopper,model,model_3,7,XGBoost_3_AutoML_3_20251113_201923,xgboost,XGBoost,0.5042293333333333,1.0,0.278
hopper,model,model_3,7,XGBoost_grid_1_AutoML_3_20251113_201923_model_1,xgboost,XGBoost,0.48796877777777786,0.9999996666666666,0.338
hopper,model,model_3,7,DRF_1_AutoML_3_20251113_201923,drf,DRF,0.5273484444444444,1.0,0.59
hopper,model,model_3,7,XGBoost_1_AutoML_3_20251113_201923,xgboost,XGBoost,0.47357049999999995,0.999999888888889,0.326
hopper,model,model_3,7,XGBoost_2_AutoML_3_20251113_201923,xgboost,XGBoost,0.4783164444444445,1.0,0.335
hopper,model,model_3,7,DeepLearning_grid_3_AutoML_3_20251113_201923_model_1,deeplearning,DeepLearning,0.4735618888888889,0.9999988888888889,42.16
hopper,model,model_3,7,GBM_4_AutoML_3_20251113_201923,gbm,GBM,0.5261556666666667,1.0,0.612
hopper,model,model_3,7,GBM_1_AutoML_3_20251113_201923,gbm,GBM,0.48082394444444443,0.9999997777777777,0.817
hopper,model,model_3,7,XGBoost_grid_1_AutoML_3_20251113_201923_model_3,xgboost,XGBoost,0.4914841111111111,0.9999998888888888,0.429
hopper,model,model_3,7,GBM_5_AutoML_3_20251113_201923,gbm,GBM,0.5011215555555555,1.0,0.437
hopper,model,model_3,7,GBM_3_AutoML_3_20251113_201923,gbm,GBM,0.49282283333333343,0.9999998888888889,0.559
hopper,model,model_3,7,XGBoost_grid_1_AutoML_3_20251113_201923_model_2,xgboost,XGBoost,0.4982246666666667,0.9999996666666667,0.406
hopper,model,model_3,7,GBM_2_AutoML_3_20251113_201923,gbm,GBM,0.4959960555555556,0.999999888888889,0.52
hopper,model,model_3,7,DeepLearning_1_AutoML_3_20251113_201923,deeplearning,DeepLearning,0.5118771111111111,0.9999963333333333,1.75
hopper,model,model_3,7,GBM_grid_1_AutoML_3_20251113_201923_model_2,gbm,GBM,0.49533249999999995,0.9999893333333333,0.343
hopper,model,model_3,7,DeepLearning_grid_1_AutoML_3_20251113_201923_model_1,deeplearning,DeepLearning,0.5247467777777778,1.0,31.963
hopper,model,model_3,7,GLM_1_AutoML_3_20251113_201923,glm,GLM,0.5157304444444445,0.5046812222222223,0.051
hopper,model,model_1,8,GBM_grid_1_AutoML_1_20251113_194959_model_1,gbm,GBM,0.6073157777777778,1.0,0.713
hopper,model,model_1,8,DRF_1_AutoML_1_20251113_194959,drf,DRF,0.5490564444444445,1.0,0.921
hopper,model,model_1,8,XRT_1_AutoML_1_20251113_194959,drf,XRT,0.5480693333333334,1.0,0.899
hopper,model,model_1,8,XGBoost_2_AutoML_1_20251113_194959,xgboost,XGBoost,0.4700262777777778,0.9999998888888888,0.409
hopper,model,model_1,8,XGBoost_3_AutoML_1_20251113_194959,xgboost,XGBoost,0.48899477777777783,1.0,0.303
hopper,model,model_1,8,XGBoost_grid_1_AutoML_1_20251113_194959_model_3,xgboost,XGBoost,0.456129,0.9999973333333333,0.445
hopper,model,model_1,8,XGBoost_grid_1_AutoML_1_20251113_194959_model_1,xgboost,XGBoost,0.46372077777777776,0.9999992222222223,0.346
hopper,model,model_1,8,XGBoost_1_AutoML_1_20251113_194959,xgboost,XGBoost,0.4785222777777777,0.9999975555555556,0.43
hopper,model,model_1,8,GBM_2_AutoML_1_20251113_194959,gbm,GBM,0.5096013333333335,0.9999995555555554,0.565
hopper,model,model_1,8,GBM_1_AutoML_1_20251113_194959,gbm,GBM,0.47614900000000004,0.9999930000000001,1.038
hopper,model,model_1,8,GBM_4_AutoML_1_20251113_194959,gbm,GBM,0.5104091666666667,0.9999998888888888,0.658
hopper,model,model_1,8,GBM_5_AutoML_1_20251113_194959,gbm,GBM,0.5113169444444443,0.9999992222222222,0.492
hopper,model,model_1,8,GBM_3_AutoML_1_20251113_194959,gbm,GBM,0.5122176666666666,1.0,0.606
hopper,model,model_1,8,XGBoost_grid_1_AutoML_1_20251113_194959_model_2,xgboost,XGBoost,0.4917457777777778,0.9999974444444444,0.428
hopper,model,model_1,8,DeepLearning_1_AutoML_1_20251113_194959,deeplearning,DeepLearning,0.5189394444444445,0.9999997777777777,1.934
hopper,model,model_1,8,DeepLearning_grid_1_AutoML_1_20251113_194959_model_1,deeplearning,DeepLearning,0.5377841111111111,1.0,27.367
hopper,model,model_1,8,GBM_grid_1_AutoML_1_20251113_194959_model_2,gbm,GBM,0.48005172222222225,0.9999741111111111,0.384
hopper,model,model_1,8,GLM_1_AutoML_1_20251113_194959,glm,GLM,0.5169255555555556,0.49974277777777776,0.072
hopper,model,model_2,8,GBM_grid_1_AutoML_2_20251113_200050_model_1,gbm,GBM,0.6092133888888889,1.0,0.763
hopper,model,model_2,8,DeepLearning_grid_2_AutoML_2_20251113_200050_model_1,deeplearning,DeepLearning,0.5380393333333333,1.0,40.303
hopper,model,model_2,8,DeepLearning_grid_3_AutoML_2_20251113_200050_model_1,deeplearning,DeepLearning,0.47693277777777776,0.9999878888888889,40.597
hopper,model,model_2,8,XGBoost_2_AutoML_2_20251113_200050,xgboost,XGBoost,0.45830438888888897,0.9999974444444445,0.33
hopper,model,model_2,8,XRT_1_AutoML_2_20251113_200050,drf,XRT,0.569811611111111,1.0,0.694
hopper,model,model_2,8,XGBoost_3_AutoML_2_20251113_200050,xgboost,XGBoost,0.4752034444444444,0.9999984444444445,0.293
hopper,model,model_2,8,DeepLearning_1_AutoML_2_20251113_200050,deeplearning,DeepLearning,0.4876352222222222,1.0,1.763
hopper,model,model_2,8,XGBoost_grid_1_AutoML_2_20251113_200050_model_1,xgboost,XGBoost,0.4705302222222221,0.9999993333333335,0.332
hopper,model,model_2,8,DRF_1_AutoML_2_20251113_200050,drf,DRF,0.529713611111111,1.0,0.735
hopper,model,model_2,8,XGBoost_grid_1_AutoML_2_20251113_200050_model_3,xgboost,XGBoost,0.4846034444444444,0.9999944444444444,0.461
hopper,model,model_2,8,GBM_1_AutoML_2_20251113_200050,gbm,GBM,0.4783503333333333,0.9999885555555555,0.799
hopper,model,model_2,8,XGBoost_1_AutoML_2_20251113_200050,xgboost,XGBoost,0.4707651111111111,0.9999991111111112,0.332
hopper,model,model_2,8,XGBoost_grid_1_AutoML_2_20251113_200050_model_2,xgboost,XGBoost,0.4851869444444445,0.9999925555555556,0.388
hopper,model,model_2,8,GBM_3_AutoML_2_20251113_200050,gbm,GBM,0.5082871666666666,0.999999,0.574
hopper,model,model_2,8,GBM_4_AutoML_2_20251113_200050,gbm,GBM,0.5179372777777779,0.9999993333333332,0.564
hopper,model,model_2,8,GBM_2_AutoML_2_20251113_200050,gbm,GBM,0.48411783333333336,0.9999967777777778,0.492
hopper,model,model_2,8,GBM_5_AutoML_2_20251113_200050,gbm,GBM,0.49758750000000007,0.9999991111111112,0.427
hopper,model,model_2,8,GBM_grid_1_AutoML_2_20251113_200050_model_2,gbm,GBM,0.4728784444444445,0.9999642777777777,0.345
hopper,model,model_2,8,DeepLearning_grid_1_AutoML_2_20251113_200050_model_1,deeplearning,DeepLearning,0.5780518888888888,1.0,30.131
hopper,model,model_2,8,GLM_1_AutoML_2_20251113_200050,glm,GLM,0.4916354444444444,0.4978948888888889,0.042
hopper,model,model_3,8,XRT_1_AutoML_3_20251113_201923,drf,XRT,0.5525241666666667,1.0,0.868
hopper,model,model_3,8,GBM_grid_1_AutoML_3_20251113_201923_model_1,gbm,GBM,0.6216036666666667,1.0,0.802
hopper,model,model_3,8,DeepLearning_grid_2_AutoML_3_20251113_201923_model_1,deeplearning,DeepLearning,0.5055225555555556,0.9999997777777777,37.587
hopper,model,model_3,8,XGBoost_3_AutoML_3_20251113_201923,xgboost,XGBoost,0.47873577777777776,0.9999999999999999,0.278
hopper,model,model_3,8,XGBoost_grid_1_AutoML_3_20251113_201923_model_1,xgboost,XGBoost,0.4802136666666667,1.0,0.338
hopper,model,model_3,8,DRF_1_AutoML_3_20251113_201923,drf,DRF,0.5168370000000001,0.9999999999999999,0.59
hopper,model,model_3,8,XGBoost_1_AutoML_3_20251113_201923,xgboost,XGBoost,0.4519976666666667,1.0,0.326
hopper,model,model_3,8,XGBoost_2_AutoML_3_20251113_201923,xgboost,XGBoost,0.4743483333333334,0.9999997777777778,0.335
hopper,model,model_3,8,DeepLearning_grid_3_AutoML_3_20251113_201923_model_1,deeplearning,DeepLearning,0.4712302222222223,1.0,42.16
hopper,model,model_3,8,GBM_4_AutoML_3_20251113_201923,gbm,GBM,0.5176820555555556,1.0,0.612
hopper,model,model_3,8,GBM_1_AutoML_3_20251113_201923,gbm,GBM,0.4613465,0.9999997777777777,0.817
hopper,model,model_3,8,XGBoost_grid_1_AutoML_3_20251113_201923_model_3,xgboost,XGBoost,0.4795599444444445,1.0,0.429
hopper,model,model_3,8,GBM_5_AutoML_3_20251113_201923,gbm,GBM,0.49504716666666665,0.9999983333333333,0.437
hopper,model,model_3,8,GBM_3_AutoML_3_20251113_201923,gbm,GBM,0.486911,0.999997888888889,0.559
hopper,model,model_3,8,XGBoost_grid_1_AutoML_3_20251113_201923_model_2,xgboost,XGBoost,0.49012294444444443,0.9999994444444444,0.406
hopper,model,model_3,8,GBM_2_AutoML_3_20251113_201923,gbm,GBM,0.49307233333333333,0.9999977777777779,0.52
hopper,model,model_3,8,DeepLearning_1_AutoML_3_20251113_201923,deeplearning,DeepLearning,0.49550555555555553,0.9999991111111112,1.75
hopper,model,model_3,8,GBM_grid_1_AutoML_3_20251113_201923_model_2,gbm,GBM,0.4909916111111111,0.9999703333333334,0.343
hopper,model,model_3,8,DeepLearning_grid_1_AutoML_3_20251113_201923_model_1,deeplearning,DeepLearning,0.5327604444444445,1.0,31.963
hopper,model,model_3,8,GLM_1_AutoML_3_20251113_201923,glm,GLM,0.5105584444444444,0.4955217777777777,0.051
hopper,model,model_1,9,GBM_grid_1_AutoML_1_20251113_194959_model_1,gbm,GBM,0.5942621666666666,0.9999951111111112,0.713
hopper,model,model_1,9,DRF_1_AutoML_1_20251113_194959,drf,DRF,0.5421831111111113,0.9999991111111112,0.921
hopper,model,model_1,9,XRT_1_AutoML_1_20251113_194959,drf,XRT,0.5535671666666666,0.9999991111111111,0.899
hopper,model,model_1,9,XGBoost_2_AutoML_1_20251113_194959,xgboost,XGBoost,0.4831307777777778,0.9999845555555555,0.409
hopper,model,model_1,9,XGBoost_3_AutoML_1_20251113_194959,xgboost,XGBoost,0.4931145,0.9999898888888888,0.303
hopper,model,model_1,9,XGBoost_grid_1_AutoML_1_20251113_194959_model_3,xgboost,XGBoost,0.45665344444444445,0.9999798888888889,0.445
hopper,model,model_1,9,XGBoost_grid_1_AutoML_1_20251113_194959_model_1,xgboost,XGBoost,0.4775543888888889,0.9999862222222222,0.346
hopper,model,model_1,9,XGBoost_1_AutoML_1_20251113_194959,xgboost,XGBoost,0.4955061666666667,0.9999691111111111,0.43
hopper,model,model_1,9,GBM_2_AutoML_1_20251113_194959,gbm,GBM,0.501575,0.9999402777777779,0.565
hopper,model,model_1,9,GBM_1_AutoML_1_20251113_194959,gbm,GBM,0.4796449444444445,0.9999806666666666,1.038
hopper,model,model_1,9,GBM_4_AutoML_1_20251113_194959,gbm,GBM,0.5150652222222223,0.9999740000000001,0.658
hopper,model,model_1,9,GBM_5_AutoML_1_20251113_194959,gbm,GBM,0.5085752222222223,0.999966,0.492
hopper,model,model_1,9,GBM_3_AutoML_1_20251113_194959,gbm,GBM,0.5103960000000001,0.9999501111111111,0.606
hopper,model,model_1,9,XGBoost_grid_1_AutoML_1_20251113_194959_model_2,xgboost,XGBoost,0.49194822222222223,0.9999931111111111,0.428
hopper,model,model_1,9,DeepLearning_1_AutoML_1_20251113_194959,deeplearning,DeepLearning,0.546824,0.9999796666666667,1.934
hopper,model,model_1,9,DeepLearning_grid_1_AutoML_1_20251113_194959_model_1,deeplearning,DeepLearning,0.5372482222222222,1.0,27.367
hopper,model,model_1,9,GBM_grid_1_AutoML_1_20251113_194959_model_2,gbm,GBM,0.48099922222222224,0.9999123333333332,0.384
hopper,model,model_1,9,GLM_1_AutoML_1_20251113_194959,glm,GLM,0.536151888888889,0.5090426666666668,0.072
hopper,model,model_2,9,GBM_grid_1_AutoML_2_20251113_200050_model_1,gbm,GBM,0.6067293888888888,0.9999991111111112,0.763
hopper,model,model_2,9,DeepLearning_grid_2_AutoML_2_20251113_200050_model_1,deeplearning,DeepLearning,0.5343392222222222,1.0,40.303
hopper,model,model_2,9,DeepLearning_grid_3_AutoML_2_20251113_200050_model_1,deeplearning,DeepLearning,0.46208033333333337,0.999989,40.597
hopper,model,model_2,9,XGBoost_2_AutoML_2_20251113_200050,xgboost,XGBoost,0.47865555555555567,0.9999924444444444,0.33
hopper,model,model_2,9,XRT_1_AutoML_2_20251113_200050,drf,XRT,0.5881614444444444,0.9999993333333334,0.694
hopper,model,model_2,9,XGBoost_3_AutoML_2_20251113_200050,xgboost,XGBoost,0.4835520000000001,0.9999898888888888,0.293
hopper,model,model_2,9,DeepLearning_1_AutoML_2_20251113_200050,deeplearning,DeepLearning,0.494484888888889,1.0,1.763
hopper,model,model_2,9,XGBoost_grid_1_AutoML_2_20251113_200050_model_1,xgboost,XGBoost,0.48429172222222217,0.9999883333333335,0.332
hopper,model,model_2,9,DRF_1_AutoML_2_20251113_200050,drf,DRF,0.5366315555555555,0.9999994444444444,0.735
hopper,model,model_2,9,XGBoost_grid_1_AutoML_2_20251113_200050_model_3,xgboost,XGBoost,0.5041300555555556,0.9999767777777778,0.461
hopper,model,model_2,9,GBM_1_AutoML_2_20251113_200050,gbm,GBM,0.4902047222222222,0.9999560000000001,0.799
hopper,model,model_2,9,XGBoost_1_AutoML_2_20251113_200050,xgboost,XGBoost,0.48742266666666667,0.9999858888888888,0.332
hopper,model,model_2,9,XGBoost_grid_1_AutoML_2_20251113_200050_model_2,xgboost,XGBoost,0.4892208333333333,0.9999293333333333,0.388
hopper,model,model_2,9,GBM_3_AutoML_2_20251113_200050,gbm,GBM,0.5079266666666666,0.9999632222222222,0.574
hopper,model,model_2,9,GBM_4_AutoML_2_20251113_200050,gbm,GBM,0.5228647222222222,0.9999827777777777,0.564
hopper,model,model_2,9,GBM_2_AutoML_2_20251113_200050,gbm,GBM,0.4845467777777778,0.9997883888888888,0.492
hopper,model,model_2,9,GBM_5_AutoML_2_20251113_200050,gbm,GBM,0.5060142777777777,0.999971,0.427
hopper,model,model_2,9,GBM_grid_1_AutoML_2_20251113_200050_model_2,gbm,GBM,0.47726299999999994,0.9999151111111112,0.345
hopper,model,model_2,9,DeepLearning_grid_1_AutoML_2_20251113_200050_model_1,deeplearning,DeepLearning,0.5763553333333333,1.0,30.131
hopper,model,model_2,9,GLM_1_AutoML_2_20251113_200050,glm,GLM,0.4882146666666667,0.49774133333333337,0.042
hopper,model,model_3,9,XRT_1_AutoML_3_20251113_201923,drf,XRT,0.5680999444444444,0.999999,0.868
hopper,model,model_3,9,GBM_grid_1_AutoML_3_20251113_201923_model_1,gbm,GBM,0.6286119444444445,0.9999993333333334,0.802
hopper,model,model_3,9,DeepLearning_grid_2_AutoML_3_20251113_201923_model_1,deeplearning,DeepLearning,0.49948655555555554,0.9999998888888889,37.587
hopper,model,model_3,9,XGBoost_3_AutoML_3_20251113_201923,xgboost,XGBoost,0.48388283333333343,0.9999957777777779,0.278
hopper,model,model_3,9,XGBoost_grid_1_AutoML_3_20251113_201923_model_1,xgboost,XGBoost,0.4841358888888889,0.9999968888888889,0.338
hopper,model,model_3,9,DRF_1_AutoML_3_20251113_201923,drf,DRF,0.5219437222222222,0.9999996666666666,0.59
hopper,model,model_3,9,XGBoost_1_AutoML_3_20251113_201923,xgboost,XGBoost,0.4546654444444444,0.9999853333333333,0.326
hopper,model,model_3,9,XGBoost_2_AutoML_3_20251113_201923,xgboost,XGBoost,0.4651463888888888,0.9999929999999999,0.335
hopper,model,model_3,9,DeepLearning_grid_3_AutoML_3_20251113_201923_model_1,deeplearning,DeepLearning,0.4678954444444445,1.0,42.16
hopper,model,model_3,9,GBM_4_AutoML_3_20251113_201923,gbm,GBM,0.5176624999999999,0.9999871111111113,0.612
hopper,model,model_3,9,GBM_1_AutoML_3_20251113_201923,gbm,GBM,0.46574000000000004,0.9999682222222223,0.817
hopper,model,model_3,9,XGBoost_grid_1_AutoML_3_20251113_201923_model_3,xgboost,XGBoost,0.48085322222222227,0.9999933333333333,0.429
hopper,model,model_3,9,GBM_5_AutoML_3_20251113_201923,gbm,GBM,0.49372200000000005,0.9999861111111111,0.437
hopper,model,model_3,9,GBM_3_AutoML_3_20251113_201923,gbm,GBM,0.48781183333333333,0.999987,0.559
hopper,model,model_3,9,XGBoost_grid_1_AutoML_3_20251113_201923_model_2,xgboost,XGBoost,0.4933553888888889,0.9999612222222223,0.406
hopper,model,model_3,9,GBM_2_AutoML_3_20251113_201923,gbm,GBM,0.4931729999999999,0.9999706666666666,0.52
hopper,model,model_3,9,DeepLearning_1_AutoML_3_20251113_201923,deeplearning,DeepLearning,0.50987,0.9999997777777777,1.75
hopper,model,model_3,9,GBM_grid_1_AutoML_3_20251113_201923_model_2,gbm,GBM,0.4884083888888889,0.9999494444444446,0.343
hopper,model,model_3,9,DeepLearning_grid_1_AutoML_3_20251113_201923_model_1,deeplearning,DeepLearning,0.5297188888888889,1.0,31.963
hopper,model,model_3,9,GLM_1_AutoML_3_20251113_201923,glm,GLM,0.511333,0.5019262222222222,0.051
