env,folder,algo,n_models,total_time_s,mean_time_s,max_time_s
cartpole,model_1,deeplearning,4,574.1030000000001,143.52575000000002,347.647
cartpole,model_1,drf,2,9.783000000000001,4.891500000000001,5.804
cartpole,model_1,gbm,7,31.334,4.476285714285714,9.325
cartpole,model_1,glm,1,0.194,0.194,0.194
cartpole,model_1,xgboost,6,78.848,13.141333333333334,25.179
cartpole,model_2,deeplearning,4,505.915,126.47875,240.616
cartpole,model_2,drf,2,10.296,5.148,6.632
cartpole,model_2,gbm,7,32.694,4.670571428571429,9.048
cartpole,model_2,glm,1,0.123,0.123,0.123
cartpole,model_2,xgboost,6,82.274,13.712333333333333,27.163
cartpole,model_3,deeplearning,4,496.26099999999997,124.06524999999999,253.407
cartpole,model_3,drf,2,10.256,5.128,6.755
cartpole,model_3,gbm,7,29.85,4.264285714285714,8.201
cartpole,model_3,glm,1,0.079,0.079,0.079
cartpole,model_3,xgboost,6,75.852,12.642000000000001,23.695
halfcheetah,model_1,deeplearning,4,180.755,45.18875,80.75
halfcheetah,model_1,drf,2,2.373,1.1865,1.28
halfcheetah,model_1,gbm,7,4.861,0.6944285714285714,1.269
halfcheetah,model_1,glm,1,0.07,0.07,0.07
halfcheetah,model_1,xgboost,6,6.602,1.1003333333333334,1.837
halfcheetah,model_2,deeplearning,4,169.219,42.30475,84.085
halfcheetah,model_2,drf,2,2.408,1.204,1.281
halfcheetah,model_2,gbm,7,5.207,0.7438571428571429,1.266
halfcheetah,model_2,glm,1,0.066,0.066,0.066
halfcheetah,model_2,xgboost,6,6.195,1.0325,1.825
halfcheetah,model_3,deeplearning,4,177.781,44.44525,84.828
halfcheetah,model_3,drf,2,2.294,1.147,1.348
halfcheetah,model_3,gbm,7,5.172,0.7388571428571428,1.319
halfcheetah,model_3,glm,1,0.059,0.059,0.059
halfcheetah,model_3,xgboost,6,6.322,1.0536666666666668,1.775
hopper,model_1,deeplearning,2,29.301000000000002,14.650500000000001,27.367
hopper,model_1,drf,2,1.82,0.91,0.921
hopper,model_1,gbm,7,4.4559999999999995,0.6365714285714285,1.038
hopper,model_1,glm,1,0.072,0.072,0.072
hopper,model_1,xgboost,6,2.3609999999999998,0.39349999999999996,0.445
hopper,model_2,deeplearning,4,112.794,28.1985,40.597
hopper,model_2,drf,2,1.4289999999999998,0.7144999999999999,0.735
hopper,model_2,gbm,7,3.964,0.5662857142857143,0.799
hopper,model_2,glm,1,0.042,0.042,0.042
hopper,model_2,xgboost,6,2.136,0.35600000000000004,0.461
hopper,model_3,deeplearning,4,113.46000000000001,28.365000000000002,42.16
hopper,model_3,drf,2,1.458,0.729,0.868
hopper,model_3,gbm,7,4.09,0.5842857142857143,0.817
hopper,model_3,glm,1,0.051,0.051,0.051
hopper,model_3,xgboost,6,2.112,0.35200000000000004,0.429
humanoid,model_1,deeplearning,2,42.676,21.338,38.642
humanoid,model_1,drf,2,9.919,4.9595,5.306
humanoid,model_1,gbm,7,27.361,3.908714285714286,5.459
humanoid,model_1,glm,1,0.967,0.967,0.967
humanoid,model_1,xgboost,6,5.292,0.882,1.038
humanoid,model_2,deeplearning,2,18.008,9.004,13.154
humanoid,model_2,drf,2,9.809,4.9045,5.584
humanoid,model_2,gbm,7,27.844,3.9777142857142858,5.667
humanoid,model_2,glm,1,1.158,1.158,1.158
humanoid,model_2,xgboost,6,5.319999999999999,0.8866666666666666,1.007
humanoid,model_3,deeplearning,2,58.086999999999996,29.043499999999998,53.696
humanoid,model_3,drf,2,11.041,5.5205,6.064
humanoid,model_3,gbm,7,31.299,4.471285714285714,6.428
humanoid,model_3,glm,1,0.899,0.899,0.899
humanoid,model_3,xgboost,6,5.523,0.9205,1.05
lunarlander,model_1,deeplearning,2,34.319,17.1595,32.811
lunarlander,model_1,drf,2,2.5919999999999996,1.2959999999999998,1.317
lunarlander,model_1,gbm,7,8.732,1.2474285714285713,1.675
lunarlander,model_1,glm,1,0.073,0.073,0.073
lunarlander,model_1,xgboost,6,6.247,1.0411666666666666,1.535
lunarlander,model_2,deeplearning,2,32.168,16.084,30.682
lunarlander,model_2,drf,2,2.689,1.3445,1.386
lunarlander,model_2,gbm,7,7.639,1.0912857142857144,1.335
lunarlander,model_2,glm,1,0.049,0.049,0.049
lunarlander,model_2,xgboost,6,5.343,0.8905,1.297
lunarlander,model_3,deeplearning,2,34.043,17.0215,32.35
lunarlander,model_3,drf,2,2.401,1.2005,1.369
lunarlander,model_3,gbm,7,7.161,1.023,1.298
lunarlander,model_3,glm,1,0.055,0.055,0.055
lunarlander,model_3,xgboost,6,4.931,0.8218333333333333,1.114
