env,algo,n_models,total_time_s,total_time_s_std,mean_time_s,mean_time_s_std,max_time_s
cartpole,deeplearning,4.0,525.4263333333333,42.43068862666897,131.35658333333333,10.607672156667242,280.5566666666667
cartpole,drf,2.0,10.111666666666666,0.28533547506984286,5.055833333333333,0.14266773753492143,6.396999999999999
cartpole,gbm,7.0,31.292666666666673,1.4224504677960974,4.470380952380952,0.20320720968515676,8.857999999999999
cartpole,glm,1.0,0.132,0.05802585630561603,0.132,0.05802585630561603,0.132
cartpole,xgboost,6.0,78.99133333333333,3.2133984087463143,13.165222222222221,0.5355664014577182,25.34566666666667
halfcheetah,deeplearning,4.0,175.91833333333332,5.989321274846874,43.97958333333333,1.4973303187117184,83.221
halfcheetah,drf,2.0,2.3583333333333334,0.05839805932848568,1.1791666666666667,0.02919902966424284,1.303
halfcheetah,gbm,7.0,5.079999999999999,0.19046521992216842,0.7257142857142856,0.027209317131738398,1.2846666666666666
halfcheetah,glm,1.0,0.065,0.005567764362830027,0.065,0.005567764362830027,0.065
halfcheetah,xgboost,6.0,6.373,0.20823784478331506,1.0621666666666667,0.034706307463885804,1.8123333333333331
hopper,deeplearning,3.3333333333333335,85.185,48.398109270920905,23.738,7.870446159526153,36.708
hopper,drf,2.0,1.569,0.21785545666794764,0.7845,0.10892772833397382,0.8413333333333334
hopper,gbm,7.0,4.17,0.2555699512853574,0.5957142857142856,0.03650999304076533,0.8846666666666666
hopper,glm,1.0,0.05499999999999999,0.015394804318340647,0.05499999999999999,0.015394804318340647,0.05499999999999999
hopper,xgboost,6.0,2.203,0.1373571985736457,0.3671666666666667,0.022892866428940967,0.445
humanoid,deeplearning,2.0,39.590333333333334,20.216888097166024,19.795166666666667,10.108444048583012,35.164
humanoid,drf,2.0,10.256333333333332,0.6817633998194191,5.128166666666666,0.34088169990970957,5.6513333333333335
humanoid,gbm,7.0,28.834666666666667,2.1477956917112326,4.119238095238095,0.3068279559587475,5.851333333333333
humanoid,glm,1.0,1.008,0.13427955912945197,1.008,0.13427955912945197,1.008
humanoid,xgboost,6.0,5.378333333333333,0.12606479815290778,0.8963888888888888,0.021010799692151253,1.0316666666666665
lunarlander,deeplearning,2.0,33.51,1.1703704541725244,16.755,0.5851852270862622,31.947666666666667
lunarlander,drf,2.0,2.5606666666666666,0.14653441006580462,1.2803333333333333,0.07326720503290231,1.3573333333333333
lunarlander,gbm,7.0,7.844,0.8053129826347015,1.1205714285714286,0.11504471180495734,1.436
lunarlander,glm,1.0,0.059,0.012489995996796793,0.059,0.012489995996796793,0.059
lunarlander,xgboost,6.0,5.507000000000001,0.6731537714371062,0.9178333333333333,0.11219229523951772,1.3153333333333332
