env,folder,model_id,algo,family,time_s
cartpole,model_1,XRT_1_AutoML_1_20251113_144208,drf,XRT,5.804
cartpole,model_1,DRF_1_AutoML_1_20251113_144208,drf,DRF,3.979
cartpole,model_1,DeepLearning_1_AutoML_1_20251113_144208,deeplearning,DeepLearning,3.555
cartpole,model_1,XGBoost_grid_1_AutoML_1_20251113_144208_model_1,xgboost,XGBoost,9.535
cartpole,model_1,GBM_1_AutoML_1_20251113_144208,gbm,GBM,9.325
cartpole,model_1,GBM_4_AutoML_1_20251113_144208,gbm,GBM,3.801
cartpole,model_1,XGBoost_1_AutoML_1_20251113_144208,xgboost,XGBoost,11.85
cartpole,model_1,XGBoost_grid_1_AutoML_1_20251113_144208_model_2,xgboost,XGBoost,25.179
cartpole,model_1,XGBoost_grid_1_AutoML_1_20251113_144208_model_3,xgboost,XGBoost,18.972
cartpole,model_1,GBM_3_AutoML_1_20251113_144208,gbm,GBM,4.632
cartpole,model_1,DeepLearning_grid_2_AutoML_1_20251113_144208_model_1,deeplearning,DeepLearning,347.647
cartpole,model_1,XGBoost_2_AutoML_1_20251113_144208,xgboost,XGBoost,6.856
cartpole,model_1,GBM_2_AutoML_1_20251113_144208,gbm,GBM,4.585
cartpole,model_1,GBM_5_AutoML_1_20251113_144208,gbm,GBM,3.935
cartpole,model_1,XGBoost_3_AutoML_1_20251113_144208,xgboost,XGBoost,6.456
cartpole,model_1,GBM_grid_1_AutoML_1_20251113_144208_model_2,gbm,GBM,3.352
cartpole,model_1,GBM_grid_1_AutoML_1_20251113_144208_model_1,gbm,GBM,1.704
cartpole,model_1,DeepLearning_grid_1_AutoML_1_20251113_144208_model_1,deeplearning,DeepLearning,89.28
cartpole,model_1,DeepLearning_grid_3_AutoML_1_20251113_144208_model_1,deeplearning,DeepLearning,133.621
cartpole,model_1,GLM_1_AutoML_1_20251113_144208,glm,GLM,0.194
cartpole,model_2,DeepLearning_1_AutoML_2_20251113_160343,deeplearning,DeepLearning,2.353
cartpole,model_2,DRF_1_AutoML_2_20251113_160343,drf,DRF,3.664
cartpole,model_2,XRT_1_AutoML_2_20251113_160343,drf,XRT,6.632
cartpole,model_2,XGBoost_grid_1_AutoML_2_20251113_160343_model_1,xgboost,XGBoost,10.978
cartpole,model_2,XGBoost_grid_1_AutoML_2_20251113_160343_model_2,xgboost,XGBoost,27.163
cartpole,model_2,GBM_1_AutoML_2_20251113_160343,gbm,GBM,9.048
cartpole,model_2,GBM_4_AutoML_2_20251113_160343,gbm,GBM,4.328
cartpole,model_2,XGBoost_grid_1_AutoML_2_20251113_160343_model_3,xgboost,XGBoost,19.028
cartpole,model_2,XGBoost_1_AutoML_2_20251113_160343,xgboost,XGBoost,10.437
cartpole,model_2,GBM_3_AutoML_2_20251113_160343,gbm,GBM,5.259
cartpole,model_2,XGBoost_2_AutoML_2_20251113_160343,xgboost,XGBoost,8.637
cartpole,model_2,GBM_2_AutoML_2_20251113_160343,gbm,GBM,4.86
cartpole,model_2,GBM_5_AutoML_2_20251113_160343,gbm,GBM,4.281
cartpole,model_2,DeepLearning_grid_2_AutoML_2_20251113_160343_model_1,deeplearning,DeepLearning,240.616
cartpole,model_2,XGBoost_3_AutoML_2_20251113_160343,xgboost,XGBoost,6.031
cartpole,model_2,GBM_grid_1_AutoML_2_20251113_160343_model_2,gbm,GBM,3.109
cartpole,model_2,GBM_grid_1_AutoML_2_20251113_160343_model_1,gbm,GBM,1.809
cartpole,model_2,DeepLearning_grid_1_AutoML_2_20251113_160343_model_1,deeplearning,DeepLearning,103.891
cartpole,model_2,DeepLearning_grid_3_AutoML_2_20251113_160343_model_1,deeplearning,DeepLearning,159.055
cartpole,model_2,GLM_1_AutoML_2_20251113_160343,glm,GLM,0.123
cartpole,model_3,DeepLearning_1_AutoML_3_20251113_171217,deeplearning,DeepLearning,2.147
cartpole,model_3,XRT_1_AutoML_3_20251113_171217,drf,XRT,6.755
cartpole,model_3,DRF_1_AutoML_3_20251113_171217,drf,DRF,3.501
cartpole,model_3,XGBoost_grid_1_AutoML_3_20251113_171217_model_1,xgboost,XGBoost,10.815
cartpole,model_3,GBM_1_AutoML_3_20251113_171217,gbm,GBM,8.201
cartpole,model_3,XGBoost_1_AutoML_3_20251113_171217,xgboost,XGBoost,9.979
cartpole,model_3,XGBoost_grid_1_AutoML_3_20251113_171217_model_2,xgboost,XGBoost,23.695
cartpole,model_3,XGBoost_grid_1_AutoML_3_20251113_171217_model_3,xgboost,XGBoost,16.306
cartpole,model_3,GBM_4_AutoML_3_20251113_171217,gbm,GBM,5.081
cartpole,model_3,GBM_3_AutoML_3_20251113_171217,gbm,GBM,4.774
cartpole,model_3,XGBoost_2_AutoML_3_20251113_171217,xgboost,XGBoost,8.159
cartpole,model_3,GBM_2_AutoML_3_20251113_171217,gbm,GBM,3.886
cartpole,model_3,GBM_5_AutoML_3_20251113_171217,gbm,GBM,3.665
cartpole,model_3,DeepLearning_grid_2_AutoML_3_20251113_171217_model_1,deeplearning,DeepLearning,253.407
cartpole,model_3,XGBoost_3_AutoML_3_20251113_171217,xgboost,XGBoost,6.898
cartpole,model_3,GBM_grid_1_AutoML_3_20251113_171217_model_2,gbm,GBM,2.58
cartpole,model_3,GBM_grid_1_AutoML_3_20251113_171217_model_1,gbm,GBM,1.663
cartpole,model_3,DeepLearning_grid_1_AutoML_3_20251113_171217_model_1,deeplearning,DeepLearning,105.369
cartpole,model_3,DeepLearning_grid_3_AutoML_3_20251113_171217_model_1,deeplearning,DeepLearning,135.338
cartpole,model_3,GLM_1_AutoML_3_20251113_171217,glm,GLM,0.079
halfcheetah,model_1,DeepLearning_grid_1_AutoML_1_20251113_205212_model_1,deeplearning,DeepLearning,80.75
halfcheetah,model_1,GBM_1_AutoML_1_20251113_205212,gbm,GBM,1.269
halfcheetah,model_1,GBM_3_AutoML_1_20251113_205212,gbm,GBM,0.594
halfcheetah,model_1,XGBoost_grid_1_AutoML_1_20251113_205212_model_2,xgboost,XGBoost,0.959
halfcheetah,model_1,GBM_2_AutoML_1_20251113_205212,gbm,GBM,0.538
halfcheetah,model_1,XGBoost_grid_1_AutoML_1_20251113_205212_model_3,xgboost,XGBoost,1.306
halfcheetah,model_1,XGBoost_3_AutoML_1_20251113_205212,xgboost,XGBoost,0.532
halfcheetah,model_1,GBM_5_AutoML_1_20251113_205212,gbm,GBM,0.554
halfcheetah,model_1,GBM_grid_1_AutoML_1_20251113_205212_model_2,gbm,GBM,0.69
halfcheetah,model_1,GBM_4_AutoML_1_20251113_205212,gbm,GBM,0.704
halfcheetah,model_1,XGBoost_1_AutoML_1_20251113_205212,xgboost,XGBoost,1.203
halfcheetah,model_1,XGBoost_2_AutoML_1_20251113_205212,xgboost,XGBoost,0.765
halfcheetah,model_1,XGBoost_grid_1_AutoML_1_20251113_205212_model_1,xgboost,XGBoost,1.837
halfcheetah,model_1,DeepLearning_grid_2_AutoML_1_20251113_205212_model_1,deeplearning,DeepLearning,66.066
halfcheetah,model_1,GBM_grid_1_AutoML_1_20251113_205212_model_1,gbm,GBM,0.512
halfcheetah,model_1,DeepLearning_grid_3_AutoML_1_20251113_205212_model_1,deeplearning,DeepLearning,32.589
halfcheetah,model_1,DeepLearning_1_AutoML_1_20251113_205212,deeplearning,DeepLearning,1.35
halfcheetah,model_1,XRT_1_AutoML_1_20251113_205212,drf,XRT,1.28
halfcheetah,model_1,GLM_1_AutoML_1_20251113_205212,glm,GLM,0.07
halfcheetah,model_1,DRF_1_AutoML_1_20251113_205212,drf,DRF,1.093
halfcheetah,model_2,DeepLearning_grid_1_AutoML_1_20251114_83243_model_1,deeplearning,DeepLearning,84.085
halfcheetah,model_2,GBM_1_AutoML_1_20251114_83243,gbm,GBM,1.266
halfcheetah,model_2,GBM_3_AutoML_1_20251114_83243,gbm,GBM,0.595
halfcheetah,model_2,GBM_2_AutoML_1_20251114_83243,gbm,GBM,0.637
halfcheetah,model_2,XGBoost_grid_1_AutoML_1_20251114_83243_model_3,xgboost,XGBoost,1.189
halfcheetah,model_2,XGBoost_grid_1_AutoML_1_20251114_83243_model_2,xgboost,XGBoost,0.825
halfcheetah,model_2,XGBoost_3_AutoML_1_20251114_83243,xgboost,XGBoost,0.496
halfcheetah,model_2,GBM_5_AutoML_1_20251114_83243,gbm,GBM,0.655
halfcheetah,model_2,GBM_grid_1_AutoML_1_20251114_83243_model_2,gbm,GBM,0.705
halfcheetah,model_2,GBM_4_AutoML_1_20251114_83243,gbm,GBM,0.749
halfcheetah,model_2,XGBoost_2_AutoML_1_20251114_83243,xgboost,XGBoost,0.746
halfcheetah,model_2,XGBoost_1_AutoML_1_20251114_83243,xgboost,XGBoost,1.114
halfcheetah,model_2,XGBoost_grid_1_AutoML_1_20251114_83243_model_1,xgboost,XGBoost,1.825
halfcheetah,model_2,GBM_grid_1_AutoML_1_20251114_83243_model_1,gbm,GBM,0.6
halfcheetah,model_2,DeepLearning_grid_2_AutoML_1_20251114_83243_model_1,deeplearning,DeepLearning,50.439
halfcheetah,model_2,DeepLearning_grid_3_AutoML_1_20251114_83243_model_1,deeplearning,DeepLearning,33.559
halfcheetah,model_2,DeepLearning_1_AutoML_1_20251114_83243,deeplearning,DeepLearning,1.136
halfcheetah,model_2,XRT_1_AutoML_1_20251114_83243,drf,XRT,1.281
halfcheetah,model_2,DRF_1_AutoML_1_20251114_83243,drf,DRF,1.127
halfcheetah,model_2,GLM_1_AutoML_1_20251114_83243,glm,GLM,0.066
halfcheetah,model_3,DeepLearning_grid_1_AutoML_2_20251114_85340_model_1,deeplearning,DeepLearning,84.828
halfcheetah,model_3,GBM_1_AutoML_2_20251114_85340,gbm,GBM,1.319
halfcheetah,model_3,GBM_3_AutoML_2_20251114_85340,gbm,GBM,0.651
halfcheetah,model_3,GBM_2_AutoML_2_20251114_85340,gbm,GBM,0.589
halfcheetah,model_3,XGBoost_grid_1_AutoML_2_20251114_85340_model_3,xgboost,XGBoost,1.161
halfcheetah,model_3,GBM_grid_1_AutoML_2_20251114_85340_model_2,gbm,GBM,0.775
halfcheetah,model_3,XGBoost_3_AutoML_2_20251114_85340,xgboost,XGBoost,0.461
halfcheetah,model_3,XGBoost_grid_1_AutoML_2_20251114_85340_model_2,xgboost,XGBoost,1.031
halfcheetah,model_3,GBM_4_AutoML_2_20251114_85340,gbm,GBM,0.703
halfcheetah,model_3,GBM_5_AutoML_2_20251114_85340,gbm,GBM,0.603
halfcheetah,model_3,XGBoost_1_AutoML_2_20251114_85340,xgboost,XGBoost,1.125
halfcheetah,model_3,XGBoost_grid_1_AutoML_2_20251114_85340_model_1,xgboost,XGBoost,1.775
halfcheetah,model_3,XGBoost_2_AutoML_2_20251114_85340,xgboost,XGBoost,0.769
halfcheetah,model_3,DeepLearning_grid_2_AutoML_2_20251114_85340_model_1,deeplearning,DeepLearning,57.333
halfcheetah,model_3,GBM_grid_1_AutoML_2_20251114_85340_model_1,gbm,GBM,0.532
halfcheetah,model_3,DeepLearning_grid_3_AutoML_2_20251114_85340_model_1,deeplearning,DeepLearning,34.267
halfcheetah,model_3,DeepLearning_1_AutoML_2_20251114_85340,deeplearning,DeepLearning,1.353
halfcheetah,model_3,GLM_1_AutoML_2_20251114_85340,glm,GLM,0.059
halfcheetah,model_3,DRF_1_AutoML_2_20251114_85340,drf,DRF,0.946
halfcheetah,model_3,XRT_1_AutoML_2_20251114_85340,drf,XRT,1.348
hopper,model_1,GBM_grid_1_AutoML_1_20251113_194959_model_1,gbm,GBM,0.713
hopper,model_1,DRF_1_AutoML_1_20251113_194959,drf,DRF,0.921
hopper,model_1,XRT_1_AutoML_1_20251113_194959,drf,XRT,0.899
hopper,model_1,XGBoost_2_AutoML_1_20251113_194959,xgboost,XGBoost,0.409
hopper,model_1,XGBoost_3_AutoML_1_20251113_194959,xgboost,XGBoost,0.303
hopper,model_1,XGBoost_grid_1_AutoML_1_20251113_194959_model_3,xgboost,XGBoost,0.445
hopper,model_1,XGBoost_grid_1_AutoML_1_20251113_194959_model_1,xgboost,XGBoost,0.346
hopper,model_1,XGBoost_1_AutoML_1_20251113_194959,xgboost,XGBoost,0.43
hopper,model_1,GBM_2_AutoML_1_20251113_194959,gbm,GBM,0.565
hopper,model_1,GBM_1_AutoML_1_20251113_194959,gbm,GBM,1.038
hopper,model_1,GBM_4_AutoML_1_20251113_194959,gbm,GBM,0.658
hopper,model_1,GBM_5_AutoML_1_20251113_194959,gbm,GBM,0.492
hopper,model_1,GBM_3_AutoML_1_20251113_194959,gbm,GBM,0.606
hopper,model_1,XGBoost_grid_1_AutoML_1_20251113_194959_model_2,xgboost,XGBoost,0.428
hopper,model_1,DeepLearning_1_AutoML_1_20251113_194959,deeplearning,DeepLearning,1.934
hopper,model_1,DeepLearning_grid_1_AutoML_1_20251113_194959_model_1,deeplearning,DeepLearning,27.367
hopper,model_1,GBM_grid_1_AutoML_1_20251113_194959_model_2,gbm,GBM,0.384
hopper,model_1,GLM_1_AutoML_1_20251113_194959,glm,GLM,0.072
hopper,model_2,GBM_grid_1_AutoML_2_20251113_200050_model_1,gbm,GBM,0.763
hopper,model_2,DeepLearning_grid_2_AutoML_2_20251113_200050_model_1,deeplearning,DeepLearning,40.303
hopper,model_2,DeepLearning_grid_3_AutoML_2_20251113_200050_model_1,deeplearning,DeepLearning,40.597
hopper,model_2,XGBoost_2_AutoML_2_20251113_200050,xgboost,XGBoost,0.33
hopper,model_2,XRT_1_AutoML_2_20251113_200050,drf,XRT,0.694
hopper,model_2,XGBoost_3_AutoML_2_20251113_200050,xgboost,XGBoost,0.293
hopper,model_2,DeepLearning_1_AutoML_2_20251113_200050,deeplearning,DeepLearning,1.763
hopper,model_2,XGBoost_grid_1_AutoML_2_20251113_200050_model_1,xgboost,XGBoost,0.332
hopper,model_2,DRF_1_AutoML_2_20251113_200050,drf,DRF,0.735
hopper,model_2,XGBoost_grid_1_AutoML_2_20251113_200050_model_3,xgboost,XGBoost,0.461
hopper,model_2,GBM_1_AutoML_2_20251113_200050,gbm,GBM,0.799
hopper,model_2,XGBoost_1_AutoML_2_20251113_200050,xgboost,XGBoost,0.332
hopper,model_2,XGBoost_grid_1_AutoML_2_20251113_200050_model_2,xgboost,XGBoost,0.388
hopper,model_2,GBM_3_AutoML_2_20251113_200050,gbm,GBM,0.574
hopper,model_2,GBM_4_AutoML_2_20251113_200050,gbm,GBM,0.564
hopper,model_2,GBM_2_AutoML_2_20251113_200050,gbm,GBM,0.492
hopper,model_2,GBM_5_AutoML_2_20251113_200050,gbm,GBM,0.427
hopper,model_2,GBM_grid_1_AutoML_2_20251113_200050_model_2,gbm,GBM,0.345
hopper,model_2,DeepLearning_grid_1_AutoML_2_20251113_200050_model_1,deeplearning,DeepLearning,30.131
hopper,model_2,GLM_1_AutoML_2_20251113_200050,glm,GLM,0.042
hopper,model_3,XRT_1_AutoML_3_20251113_201923,drf,XRT,0.868
hopper,model_3,GBM_grid_1_AutoML_3_20251113_201923_model_1,gbm,GBM,0.802
hopper,model_3,DeepLearning_grid_2_AutoML_3_20251113_201923_model_1,deeplearning,DeepLearning,37.587
hopper,model_3,XGBoost_3_AutoML_3_20251113_201923,xgboost,XGBoost,0.278
hopper,model_3,XGBoost_grid_1_AutoML_3_20251113_201923_model_1,xgboost,XGBoost,0.338
hopper,model_3,DRF_1_AutoML_3_20251113_201923,drf,DRF,0.59
hopper,model_3,XGBoost_1_AutoML_3_20251113_201923,xgboost,XGBoost,0.326
hopper,model_3,XGBoost_2_AutoML_3_20251113_201923,xgboost,XGBoost,0.335
hopper,model_3,DeepLearning_grid_3_AutoML_3_20251113_201923_model_1,deeplearning,DeepLearning,42.16
hopper,model_3,GBM_4_AutoML_3_20251113_201923,gbm,GBM,0.612
hopper,model_3,GBM_1_AutoML_3_20251113_201923,gbm,GBM,0.817
hopper,model_3,XGBoost_grid_1_AutoML_3_20251113_201923_model_3,xgboost,XGBoost,0.429
hopper,model_3,GBM_5_AutoML_3_20251113_201923,gbm,GBM,0.437
hopper,model_3,GBM_3_AutoML_3_20251113_201923,gbm,GBM,0.559
hopper,model_3,XGBoost_grid_1_AutoML_3_20251113_201923_model_2,xgboost,XGBoost,0.406
hopper,model_3,GBM_2_AutoML_3_20251113_201923,gbm,GBM,0.52
hopper,model_3,DeepLearning_1_AutoML_3_20251113_201923,deeplearning,DeepLearning,1.75
hopper,model_3,GBM_grid_1_AutoML_3_20251113_201923_model_2,gbm,GBM,0.343
hopper,model_3,DeepLearning_grid_1_AutoML_3_20251113_201923_model_1,deeplearning,DeepLearning,31.963
hopper,model_3,GLM_1_AutoML_3_20251113_201923,glm,GLM,0.051
humanoid,model_1,DRF_1_AutoML_1_20251114_101741,drf,DRF,4.613
humanoid,model_1,XRT_1_AutoML_1_20251114_101741,drf,XRT,5.306
humanoid,model_1,XGBoost_grid_1_AutoML_1_20251114_101741_model_1,xgboost,XGBoost,0.851
humanoid,model_1,XGBoost_grid_1_AutoML_1_20251114_101741_model_3,xgboost,XGBoost,0.933
humanoid,model_1,GBM_grid_1_AutoML_1_20251114_101741_model_1,gbm,GBM,5.45
humanoid,model_1,XGBoost_1_AutoML_1_20251114_101741,xgboost,XGBoost,0.906
humanoid,model_1,XGBoost_2_AutoML_1_20251114_101741,xgboost,XGBoost,0.852
humanoid,model_1,GBM_4_AutoML_1_20251114_101741,gbm,GBM,4.644
humanoid,model_1,GBM_1_AutoML_1_20251114_101741,gbm,GBM,5.459
humanoid,model_1,GBM_3_AutoML_1_20251114_101741,gbm,GBM,3.331
humanoid,model_1,XGBoost_3_AutoML_1_20251114_101741,xgboost,XGBoost,0.712
humanoid,model_1,GBM_2_AutoML_1_20251114_101741,gbm,GBM,3.107
humanoid,model_1,XGBoost_grid_1_AutoML_1_20251114_101741_model_2,xgboost,XGBoost,1.038
humanoid,model_1,GBM_5_AutoML_1_20251114_101741,gbm,GBM,2.932
humanoid,model_1,DeepLearning_grid_1_AutoML_1_20251114_101741_model_1,deeplearning,DeepLearning,38.642
humanoid,model_1,GBM_grid_1_AutoML_1_20251114_101741_model_2,gbm,GBM,2.438
humanoid,model_1,DeepLearning_1_AutoML_1_20251114_101741,deeplearning,DeepLearning,4.034
humanoid,model_1,GLM_1_AutoML_1_20251114_101741,glm,GLM,0.967
humanoid,model_2,XGBoost_grid_1_AutoML_1_20251114_111212_model_1,xgboost,XGBoost,0.847
humanoid,model_2,XRT_1_AutoML_1_20251114_111212,drf,XRT,5.584
humanoid,model_2,GBM_grid_1_AutoML_1_20251114_111212_model_1,gbm,GBM,5.168
humanoid,model_2,DRF_1_AutoML_1_20251114_111212,drf,DRF,4.225
humanoid,model_2,XGBoost_2_AutoML_1_20251114_111212,xgboost,XGBoost,0.855
humanoid,model_2,GBM_4_AutoML_1_20251114_111212,gbm,GBM,4.986
humanoid,model_2,GBM_3_AutoML_1_20251114_111212,gbm,GBM,3.464
humanoid,model_2,XGBoost_grid_1_AutoML_1_20251114_111212_model_3,xgboost,XGBoost,0.962
humanoid,model_2,GBM_1_AutoML_1_20251114_111212,gbm,GBM,5.667
humanoid,model_2,XGBoost_grid_1_AutoML_1_20251114_111212_model_2,xgboost,XGBoost,0.961
humanoid,model_2,XGBoost_1_AutoML_1_20251114_111212,xgboost,XGBoost,1.007
humanoid,model_2,XGBoost_3_AutoML_1_20251114_111212,xgboost,XGBoost,0.688
humanoid,model_2,GBM_2_AutoML_1_20251114_111212,gbm,GBM,3.008
humanoid,model_2,GBM_5_AutoML_1_20251114_111212,gbm,GBM,3.246
humanoid,model_2,DeepLearning_1_AutoML_1_20251114_111212,deeplearning,DeepLearning,4.854
humanoid,model_2,DeepLearning_grid_1_AutoML_1_20251114_111212_model_1,deeplearning,DeepLearning,13.154
humanoid,model_2,GBM_grid_1_AutoML_1_20251114_111212_model_2,gbm,GBM,2.305
humanoid,model_2,GLM_1_AutoML_1_20251114_111212,glm,GLM,1.158
humanoid,model_3,XGBoost_grid_1_AutoML_2_20251114_112609_model_1,xgboost,XGBoost,0.953
humanoid,model_3,XGBoost_grid_1_AutoML_2_20251114_112609_model_3,xgboost,XGBoost,1.05
humanoid,model_3,XGBoost_1_AutoML_2_20251114_112609,xgboost,XGBoost,0.881
humanoid,model_3,XGBoost_2_AutoML_2_20251114_112609,xgboost,XGBoost,0.903
humanoid,model_3,GBM_grid_1_AutoML_2_20251114_112609_model_1,gbm,GBM,5.233
humanoid,model_3,XGBoost_3_AutoML_2_20251114_112609,xgboost,XGBoost,0.687
humanoid,model_3,GBM_1_AutoML_2_20251114_112609,gbm,GBM,6.428
humanoid,model_3,XRT_1_AutoML_2_20251114_112609,drf,XRT,6.064
humanoid,model_3,GBM_4_AutoML_2_20251114_112609,gbm,GBM,5.888
humanoid,model_3,DRF_1_AutoML_2_20251114_112609,drf,DRF,4.977
humanoid,model_3,GBM_3_AutoML_2_20251114_112609,gbm,GBM,4.416
humanoid,model_3,GBM_2_AutoML_2_20251114_112609,gbm,GBM,3.599
humanoid,model_3,XGBoost_grid_1_AutoML_2_20251114_112609_model_2,xgboost,XGBoost,1.049
humanoid,model_3,DeepLearning_grid_1_AutoML_2_20251114_112609_model_1,deeplearning,DeepLearning,53.696
humanoid,model_3,GBM_5_AutoML_2_20251114_112609,gbm,GBM,3.154
humanoid,model_3,DeepLearning_1_AutoML_2_20251114_112609,deeplearning,DeepLearning,4.391
humanoid,model_3,GBM_grid_1_AutoML_2_20251114_112609_model_2,gbm,GBM,2.581
humanoid,model_3,GLM_1_AutoML_2_20251114_112609,glm,GLM,0.899
lunarlander,model_1,GBM_4_AutoML_1_20251113_190304,gbm,GBM,1.385
lunarlander,model_1,XGBoost_grid_1_AutoML_1_20251113_190304_model_1,xgboost,XGBoost,1.077
lunarlander,model_1,XGBoost_grid_1_AutoML_1_20251113_190304_model_3,xgboost,XGBoost,1.118
lunarlander,model_1,DeepLearning_1_AutoML_1_20251113_190304,deeplearning,DeepLearning,1.508
lunarlander,model_1,XGBoost_2_AutoML_1_20251113_190304,xgboost,XGBoost,0.853
lunarlander,model_1,GBM_3_AutoML_1_20251113_190304,gbm,GBM,1.124
lunarlander,model_1,XGBoost_grid_1_AutoML_1_20251113_190304_model_2,xgboost,XGBoost,1.535
lunarlander,model_1,XGBoost_1_AutoML_1_20251113_190304,xgboost,XGBoost,1.001
lunarlander,model_1,XRT_1_AutoML_1_20251113_190304,drf,XRT,1.275
lunarlander,model_1,DRF_1_AutoML_1_20251113_190304,drf,DRF,1.317
lunarlander,model_1,GBM_1_AutoML_1_20251113_190304,gbm,GBM,1.675
lunarlander,model_1,GBM_grid_1_AutoML_1_20251113_190304_model_1,gbm,GBM,1.083
lunarlander,model_1,GBM_2_AutoML_1_20251113_190304,gbm,GBM,1.022
lunarlander,model_1,DeepLearning_grid_1_AutoML_1_20251113_190304_model_1,deeplearning,DeepLearning,32.811
lunarlander,model_1,GBM_5_AutoML_1_20251113_190304,gbm,GBM,1.128
lunarlander,model_1,XGBoost_3_AutoML_1_20251113_190304,xgboost,XGBoost,0.663
lunarlander,model_1,GBM_grid_1_AutoML_1_20251113_190304_model_2,gbm,GBM,1.315
lunarlander,model_1,GLM_1_AutoML_1_20251113_190304,glm,GLM,0.073
lunarlander,model_2,DeepLearning_1_AutoML_2_20251113_191556,deeplearning,DeepLearning,1.486
lunarlander,model_2,XRT_1_AutoML_2_20251113_191556,drf,XRT,1.386
lunarlander,model_2,DRF_1_AutoML_2_20251113_191556,drf,DRF,1.303
lunarlander,model_2,XGBoost_grid_1_AutoML_2_20251113_191556_model_1,xgboost,XGBoost,0.95
lunarlander,model_2,GBM_4_AutoML_2_20251113_191556,gbm,GBM,1.234
lunarlander,model_2,XGBoost_grid_1_AutoML_2_20251113_191556_model_3,xgboost,XGBoost,1.017
lunarlander,model_2,XGBoost_2_AutoML_2_20251113_191556,xgboost,XGBoost,0.752
lunarlander,model_2,GBM_grid_1_AutoML_2_20251113_191556_model_1,gbm,GBM,1.092
lunarlander,model_2,XGBoost_grid_1_AutoML_2_20251113_191556_model_2,xgboost,XGBoost,1.297
lunarlander,model_2,XGBoost_1_AutoML_2_20251113_191556,xgboost,XGBoost,0.713
lunarlander,model_2,GBM_1_AutoML_2_20251113_191556,gbm,GBM,1.335
lunarlander,model_2,GBM_3_AutoML_2_20251113_191556,gbm,GBM,1.022
lunarlander,model_2,DeepLearning_grid_1_AutoML_2_20251113_191556_model_1,deeplearning,DeepLearning,30.682
lunarlander,model_2,GBM_2_AutoML_2_20251113_191556,gbm,GBM,1.068
lunarlander,model_2,XGBoost_3_AutoML_2_20251113_191556,xgboost,XGBoost,0.614
lunarlander,model_2,GBM_5_AutoML_2_20251113_191556,gbm,GBM,1.04
lunarlander,model_2,GBM_grid_1_AutoML_2_20251113_191556_model_2,gbm,GBM,0.848
lunarlander,model_2,GLM_1_AutoML_2_20251113_191556,glm,GLM,0.049
lunarlander,model_3,DeepLearning_1_AutoML_3_20251113_192711,deeplearning,DeepLearning,1.693
lunarlander,model_3,XGBoost_grid_1_AutoML_3_20251113_192711_model_1,xgboost,XGBoost,0.847
lunarlander,model_3,XGBoost_grid_1_AutoML_3_20251113_192711_model_3,xgboost,XGBoost,0.94
lunarlander,model_3,XRT_1_AutoML_3_20251113_192711,drf,XRT,1.369
lunarlander,model_3,DRF_1_AutoML_3_20251113_192711,drf,DRF,1.032
lunarlander,model_3,XGBoost_2_AutoML_3_20251113_192711,xgboost,XGBoost,0.759
lunarlander,model_3,GBM_4_AutoML_3_20251113_192711,gbm,GBM,1.091
lunarlander,model_3,XGBoost_grid_1_AutoML_3_20251113_192711_model_2,xgboost,XGBoost,1.114
lunarlander,model_3,XGBoost_1_AutoML_3_20251113_192711,xgboost,XGBoost,0.692
lunarlander,model_3,GBM_3_AutoML_3_20251113_192711,gbm,GBM,1.108
lunarlander,model_3,DeepLearning_grid_1_AutoML_3_20251113_192711_model_1,deeplearning,DeepLearning,32.35
lunarlander,model_3,GBM_grid_1_AutoML_3_20251113_192711_model_1,gbm,GBM,1.061
lunarlander,model_3,GBM_2_AutoML_3_20251113_192711,gbm,GBM,0.935
lunarlander,model_3,GBM_1_AutoML_3_20251113_192711,gbm,GBM,1.298
lunarlander,model_3,XGBoost_3_AutoML_3_20251113_192711,xgboost,XGBoost,0.579
lunarlander,model_3,GBM_5_AutoML_3_20251113_192711,gbm,GBM,0.844
lunarlander,model_3,GBM_grid_1_AutoML_3_20251113_192711_model_2,gbm,GBM,0.824
lunarlander,model_3,GLM_1_AutoML_3_20251113_192711,glm,GLM,0.055
